datetime,co2,par,temp
2021-07-27 09:05:16,425.86,1531.21,
2021-07-27 09:05:16,456.93,1528.56,
2021-07-27 09:05:18,546.38,1527.24,
2021-07-27 09:05:19,529.39,1527.24,
2021-07-27 09:05:19,349.42,1525.62,
2021-07-27 09:05:20,364.68,1524.71,
2021-07-27 09:05:21,372.87,1524.71,
2021-07-27 09:05:23,375.62,1525.27,
2021-07-27 09:05:23,376.61,1523.52,
2021-07-27 09:05:24,375.98,1519.31,
2021-07-27 09:05:26,375.74,1519.31,
2021-07-27 09:05:27,375.02,1451.55,
2021-07-27 09:05:27,374.72,1443.3,
2021-07-27 09:05:28,374.3,1443.3,
2021-07-27 09:05:30,374.62,1440.36,
2021-07-27 09:05:31,375.05,1430.32,
2021-07-27 09:05:31,374.52,1430.32,
2021-07-27 09:05:33,374.09,1423.29,
2021-07-27 09:05:34,374.13,1410.67,
2021-07-27 09:05:35,374.03,1417.15,
2021-07-27 09:05:36,373.2,1417.15,
2021-07-27 09:05:36,373.67,1414.82,
2021-07-27 09:05:37,372.81,1417.6,
2021-07-27 09:05:39,372.33,1417.6,
2021-07-27 09:05:40,371.43,1414.42,
2021-07-27 09:05:41,371.77,1416.86,
2021-07-27 09:05:41,371.23,1416.86,304.53
2021-07-27 09:05:42,370.87,1416.5,304.53
2021-07-27 09:05:43,370.76,1414.63,304.53
2021-07-27 09:05:44,369.99,1415.15,304.53
2021-07-27 09:05:45,369.4,1415.15,304.53
2021-07-27 09:05:46,368.98,1414.57,304.53
2021-07-27 09:05:47,368.96,1412.7,304.53
2021-07-27 09:05:48,368.5,1412.7,304.53
2021-07-27 09:05:49,367.93,1413.04,304.4
2021-07-27 09:05:50,367.62,1412.32,304.4
2021-07-27 09:05:51,367.24,1411.67,304.4
2021-07-27 09:05:52,367.02,1411.67,304.4
2021-07-27 09:05:54,367.08,1412.28,304.4
2021-07-27 09:05:54,366.04,1409.9,304.4
2021-07-27 09:05:56,365.95,1407.99,304.4
2021-07-27 09:05:57,365.39,1407.99,
2021-07-27 09:05:57,365.33,1406.76,
2021-07-27 09:05:58,365.12,1405.15,
2021-07-27 09:05:59,364.92,1405.15,304.4
2021-07-27 09:06:00,364.29,1402.53,
2021-07-27 09:06:02,363.77,1404.81,
2021-07-27 09:06:02,363.68,1404.81,
2021-07-27 09:06:03,363.6,1402.15,
2021-07-27 09:06:05,363.24,1398.87,
2021-07-27 09:06:06,362.55,1396.68,
2021-07-27 09:06:07,362.27,1396.68,
2021-07-27 09:06:08,362.72,1396.1,
2021-07-27 09:06:08,361.6,1397.93,
2021-07-27 09:06:10,361.47,1397.93,
2021-07-27 09:06:10,361.26,1391.5,
2021-07-27 09:06:12,360.81,1393.43,
2021-07-27 09:06:12,360.61,1393.43,
2021-07-27 09:06:13,360.59,1397.24,304.4
2021-07-27 09:06:15,360.36,1406.68,304.4
2021-07-27 09:06:16,360.22,1409.13,304.4
2021-07-27 09:06:16,359.48,1409.13,304.4
2021-07-27 09:06:17,359.52,1407.84,304.4
2021-07-27 09:06:18,359.2,1407.89,304.4
2021-07-27 09:06:19,358.79,1407.89,304.4
2021-07-27 09:06:20,358.23,1408.72,304.4
2021-07-27 09:06:21,358.38,1408.52,304.4
2021-07-27 09:06:22,357.96,1410.01,304.4
2021-07-27 09:06:23,357.78,1410.01,304.4
2021-07-27 09:06:24,357.13,1412.36,304.4
2021-07-27 09:06:25,357.39,1415.46,304.4
2021-07-27 09:06:26,356.74,1415.46,304.4
2021-07-27 09:06:27,356.77,1419.33,304.4
2021-07-27 09:06:28,356.73,1421.29,304.4
2021-07-27 09:06:30,356.51,1423.7,
2021-07-27 09:06:30,356.02,1423.7,
2021-07-27 09:06:31,355.59,1423.27,
2021-07-27 09:06:32,355.38,1423.8,
2021-07-27 09:06:34,355.44,1423.8,304.4
2021-07-27 09:06:35,355.12,1420.17,
2021-07-27 09:06:36,354.8,1414.77,
2021-07-27 09:06:37,354.57,1406.66,
2021-07-27 09:06:37,354.82,1406.66,
2021-07-27 09:06:39,354.39,1400.57,
2021-07-27 09:06:39,354.42,1394.47,
2021-07-27 09:06:41,354.09,1394.47,
2021-07-27 09:06:42,354.15,1389.88,
2021-07-27 09:06:42,354.38,1389.06,
2021-07-27 09:06:43,353.58,1380.4,
2021-07-27 09:06:44,353.5,1380.4,
2021-07-27 09:06:46,352.8,1384.59,
2021-07-27 09:06:46,353.07,1387.28,
2021-07-27 09:06:48,352.52,1390.21,
2021-07-27 09:06:49,352.79,1390.21,
2021-07-27 09:06:50,352.95,1402.98,
2021-07-27 09:06:50,352.13,1410.5,
2021-07-27 09:06:52,352.28,1410.5,
2021-07-27 09:06:52,351.97,1415.16,
2021-07-27 09:06:54,352.22,1409.0,
2021-07-27 09:06:54,351.97,1409.0,
2021-07-27 09:06:56,352.21,1409.57,
2021-07-27 09:06:56,351.93,1409.92,
2021-07-27 09:06:57,351.83,1409.92,
2021-07-27 09:06:59,351.29,1412.38,
2021-07-27 09:07:00,350.99,1419.08,
2021-07-27 09:07:00,350.48,1423.42,
2021-07-27 09:07:02,350.49,1423.42,
2021-07-27 09:07:02,350.55,1427.09,
2021-07-27 09:07:04,350.29,1429.36,
2021-07-27 09:07:04,350.23,1429.36,
2021-07-27 09:07:06,349.69,1430.38,
2021-07-27 09:07:07,349.59,1427.01,
2021-07-27 09:07:08,349.66,1420.13,
2021-07-27 09:07:09,349.72,1420.13,
2021-07-27 09:07:10,349.11,1417.72,
2021-07-27 09:07:10,349.5,1415.95,
2021-07-27 09:07:12,349.15,1415.95,
2021-07-27 09:07:12,348.49,1423.17,
2021-07-27 09:07:14,348.94,1425.86,
2021-07-27 09:07:14,349.09,1425.86,
2021-07-27 09:07:16,348.43,1427.5,
2021-07-27 09:07:17,348.1,1427.28,
2021-07-27 09:07:18,347.9,1428.16,
2021-07-27 09:07:18,348.06,1428.16,
2021-07-27 09:07:20,346.89,1428.72,
2021-07-27 09:07:20,347.16,1427.03,
2021-07-27 09:07:22,347.15,1427.03,
2021-07-27 09:07:22,347.06,1426.05,
2021-07-27 09:07:24,346.4,1425.51,
2021-07-27 09:07:24,347.09,1425.51,
2021-07-27 09:07:25,346.4,1426.67,
2021-07-27 09:07:26,345.39,1433.14,304.4
2021-07-27 09:07:27,345.27,1433.14,304.4
2021-07-27 09:07:28,346.39,1437.13,304.4
2021-07-27 09:07:29,345.78,1436.87,304.4
2021-07-27 09:07:30,345.29,1437.91,304.4
2021-07-27 09:07:31,344.42,1437.91,304.4
2021-07-27 09:07:32,345.1,1437.55,304.4
2021-07-27 09:07:33,345.56,1437.5,304.4
2021-07-27 09:07:34,344.16,1436.58,304.4
2021-07-27 09:07:36,344.38,1436.58,304.4
2021-07-27 09:07:36,344.45,1436.17,304.4
2021-07-27 09:07:37,344.36,1434.45,304.4
2021-07-27 09:07:38,343.34,1434.45,304.4
2021-07-27 09:07:39,342.57,1434.83,304.4
2021-07-27 09:07:40,342.65,1435.69,304.4
2021-07-27 09:07:41,342.77,1435.91,304.4
2021-07-27 09:07:42,342.81,1435.91,304.4
2021-07-27 09:07:43,342.72,1437.2,304.4
2021-07-27 09:07:44,343.08,1437.52,304.4
2021-07-27 09:07:45,341.93,1437.52,304.4
2021-07-27 09:07:46,341.77,1435.03,304.4
2021-07-27 09:07:47,342.21,1437.94,304.4
2021-07-27 09:07:48,341.97,1433.81,304.4
2021-07-27 09:07:49,341.6,1433.81,304.4
2021-07-27 09:07:50,341.03,1454.85,304.4
2021-07-27 09:07:51,341.03,1452.68,304.4
2021-07-27 09:07:52,341.22,1452.68,304.4
2021-07-27 09:07:53,339.96,1466.33,304.4
2021-07-27 09:07:54,340.8,1460.38,304.4
2021-07-27 09:07:55,339.95,1529.65,304.4
2021-07-27 09:07:56,339.56,1529.65,304.4
2021-07-27 09:07:58,339.68,1511.29,304.4
2021-07-27 09:07:58,339.21,1508.23,304.4
2021-07-27 09:07:59,339.83,1509.41,304.4
2021-07-27 09:08:00,339.6,1509.41,304.4
2021-07-27 09:08:12,345.55,1504.89,304.65
2021-07-27 09:08:13,339.76,1504.89,304.65
2021-07-27 09:08:14,338.99,1503.93,304.65
2021-07-27 09:08:15,344.01,1503.63,304.65
2021-07-27 09:08:16,360.19,1503.63,304.65
2021-07-27 09:08:17,368.5,1503.96,304.65
2021-07-27 09:08:18,367.81,1503.52,304.65
2021-07-27 09:08:19,367.15,1503.75,304.78
2021-07-27 09:08:20,367.41,1503.75,304.78
2021-07-27 09:08:21,367.24,1504.0,304.78
2021-07-27 09:08:22,368.16,1504.98,304.78
2021-07-27 09:08:23,368.82,1504.98,304.78
2021-07-27 09:08:24,368.59,1506.36,304.78
2021-07-27 09:08:25,368.96,1506.76,304.78
2021-07-27 09:08:26,369.11,1507.25,304.78
2021-07-27 09:08:27,369.33,1507.25,304.78
2021-07-27 09:08:28,370.25,1506.67,304.78
2021-07-27 09:08:29,370.95,1507.92,304.9
2021-07-27 09:08:30,372.14,1509.38,304.9
2021-07-27 09:08:31,373.54,1509.38,304.9
2021-07-27 09:08:32,372.46,1535.95,304.9
2021-07-27 09:08:33,372.82,1465.75,304.9
2021-07-27 09:08:34,373.21,1465.75,304.9
2021-07-27 09:08:35,373.53,1459.38,304.9
2021-07-27 09:08:36,374.7,1458.26,304.9
2021-07-27 09:08:37,375.83,1457.64,304.9
2021-07-27 09:08:38,374.6,1457.64,304.9
2021-07-27 09:08:39,374.83,1457.89,304.9
2021-07-27 09:08:40,375.16,1460.89,304.9
2021-07-27 09:08:41,374.05,1460.89,304.9
2021-07-27 09:08:42,373.72,1456.74,304.9
2021-07-27 09:08:43,374.54,1455.48,305.03
2021-07-27 09:08:44,373.77,1456.19,305.03
2021-07-27 09:08:45,373.94,1456.19,305.03
2021-07-27 09:08:46,373.52,1457.19,305.03
2021-07-27 09:08:47,373.03,1457.11,305.03
2021-07-27 09:08:48,371.99,1456.87,305.03
2021-07-27 09:08:49,371.96,1456.87,305.03
2021-07-27 09:08:50,371.33,1456.37,305.03
2021-07-27 09:08:51,371.08,1456.91,305.03
2021-07-27 09:08:52,370.77,1456.91,305.03
2021-07-27 09:08:53,370.0,1457.29,305.03
2021-07-27 09:08:54,370.08,1457.76,305.03
2021-07-27 09:08:55,369.49,1458.9,305.03
2021-07-27 09:08:56,368.82,1458.9,305.15
2021-07-27 09:08:57,368.7,1458.52,305.15
2021-07-27 09:08:58,368.73,1457.92,305.15
2021-07-27 09:08:59,368.01,1457.92,305.15
2021-07-27 09:09:00,367.46,1458.51,305.15
2021-07-27 09:09:01,367.12,1457.1,305.15
2021-07-27 09:09:02,366.24,1457.0,305.15
2021-07-27 09:09:03,365.67,1457.0,305.15
2021-07-27 09:09:04,366.09,1456.57,305.15
2021-07-27 09:09:05,364.78,1455.54,305.15
2021-07-27 09:09:06,365.33,1455.6,305.15
2021-07-27 09:09:07,365.13,1455.6,305.15
2021-07-27 09:09:08,363.9,1456.27,305.15
2021-07-27 09:09:09,364.16,1455.71,305.15
2021-07-27 09:09:10,364.16,1455.71,305.15
2021-07-27 09:09:11,364.0,1455.35,305.15
2021-07-27 09:09:12,362.96,1455.03,305.15
2021-07-27 09:09:13,363.19,1454.96,305.15
2021-07-27 09:09:14,362.4,1454.96,305.15
2021-07-27 09:09:15,362.49,1455.27,305.15
2021-07-27 09:09:16,361.67,1454.91,305.15
2021-07-27 09:09:17,361.58,1454.91,305.15
2021-07-27 09:09:18,361.04,1453.55,305.15
2021-07-27 09:09:19,361.09,1454.23,305.15
2021-07-27 09:09:20,360.88,1454.02,305.15
2021-07-27 09:09:21,360.45,1454.02,305.15
2021-07-27 09:09:22,360.05,1453.4,305.15
2021-07-27 09:09:23,360.34,1454.5,305.15
2021-07-27 09:09:24,358.25,1454.17,305.15
2021-07-27 09:09:25,359.06,1454.17,305.15
2021-07-27 09:09:26,358.73,1454.19,305.15
2021-07-27 09:09:27,358.68,1453.72,305.15
2021-07-27 09:09:28,358.11,1453.72,305.15
2021-07-27 09:09:29,358.31,1453.84,305.15
2021-07-27 09:09:30,357.62,1454.57,305.15
2021-07-27 09:09:31,357.65,1453.94,305.15
2021-07-27 09:09:32,357.9,1453.94,305.15
2021-07-27 09:09:33,356.91,1454.84,305.15
2021-07-27 09:09:34,357.16,1455.03,305.15
2021-07-27 09:09:35,356.64,1455.03,305.15
2021-07-27 09:09:36,356.82,1455.91,305.4
2021-07-27 09:09:37,356.4,1455.74,305.4
2021-07-27 09:09:38,356.32,1456.01,305.4
2021-07-27 09:09:39,356.28,1456.01,305.4
2021-07-27 09:09:40,355.5,1456.28,305.4
2021-07-27 09:09:41,355.42,1456.72,305.4
2021-07-27 09:09:42,355.43,1456.9,305.4
2021-07-27 09:09:43,354.97,1456.9,305.4
2021-07-27 09:09:44,354.71,1456.24,305.4
2021-07-27 09:09:45,354.46,1457.44,305.4
2021-07-27 09:09:46,354.23,1457.44,305.4
2021-07-27 09:09:47,354.15,1457.68,305.4
2021-07-27 09:09:48,353.11,1458.44,305.4
2021-07-27 09:09:49,353.88,1458.38,305.4
2021-07-27 09:09:50,353.05,1458.38,305.4
2021-07-27 09:09:51,352.81,1457.91,305.4
2021-07-27 09:09:52,352.71,1458.13,305.4
2021-07-27 09:09:53,352.46,1458.13,305.4
2021-07-27 09:09:54,352.27,1458.99,305.4
2021-07-27 09:09:55,351.83,1459.43,305.4
2021-07-27 09:09:56,351.54,1458.9,305.4
2021-07-27 09:09:57,351.28,1458.9,305.4
2021-07-27 09:09:58,351.07,1458.8,305.4
2021-07-27 09:09:59,350.66,1458.47,305.4
2021-07-27 09:10:00,350.97,1458.47,305.4
2021-07-27 09:10:01,350.46,1458.05,305.4
2021-07-27 09:10:02,350.37,1458.34,305.4
2021-07-27 09:10:03,350.13,1458.72,305.4
2021-07-27 09:10:04,350.06,1458.72,305.4
2021-07-27 09:10:05,349.72,1458.66,305.4
2021-07-27 09:10:06,349.48,1458.33,305.4
2021-07-27 09:10:07,349.51,1458.87,305.4
2021-07-27 09:10:08,348.56,1458.87,305.4
2021-07-27 09:10:09,348.56,1458.72,305.4
2021-07-27 09:10:10,347.99,1458.25,305.4
2021-07-27 09:10:11,347.96,1458.25,305.4
2021-07-27 09:10:12,347.9,1458.18,305.4
2021-07-27 09:10:13,347.42,1458.01,305.4
2021-07-27 09:10:14,346.97,1458.31,305.4
2021-07-27 09:10:15,346.85,1458.31,305.4
2021-07-27 09:10:16,346.74,1458.27,305.4
2021-07-27 09:10:17,346.39,1458.64,305.4
2021-07-27 09:10:18,346.01,1458.64,305.4
2021-07-27 09:10:19,345.65,1458.5,305.4
2021-07-27 09:10:20,345.7,1459.07,305.4
2021-07-27 09:10:21,345.67,1458.84,305.4
2021-07-27 09:10:22,345.17,1458.84,305.4
2021-07-27 09:10:23,344.84,1459.13,305.4
2021-07-27 09:10:24,344.85,1458.86,305.4
2021-07-27 09:10:25,345.0,1458.38,305.4
2021-07-27 09:10:26,344.62,1458.38,305.4
2021-07-27 09:10:27,343.82,1458.0,305.4
2021-07-27 09:10:28,344.11,1458.02,305.4
2021-07-27 09:10:29,343.56,1458.02,305.4
2021-07-27 09:10:30,343.59,1458.48,305.4
2021-07-27 09:10:31,343.01,1458.82,305.4
2021-07-27 09:10:32,342.59,1459.23,305.65
2021-07-27 09:10:33,342.44,1459.23,305.65
2021-07-27 09:10:34,342.2,1459.2,305.65
2021-07-27 09:10:35,342.64,1459.1,305.65
2021-07-27 09:10:36,342.35,1459.1,305.65
2021-07-27 09:10:37,342.11,1458.8,305.65
2021-07-27 09:10:38,342.02,1460.88,305.65
2021-07-27 09:10:39,341.66,1463.27,305.65
2021-07-27 09:11:42,344.63,883.5,305.65
2021-07-27 09:11:43,336.08,883.5,305.65
2021-07-27 09:11:44,338.27,883.89,305.65
2021-07-27 09:11:45,342.02,884.44,305.65
2021-07-27 09:11:46,372.57,884.8,305.65
2021-07-27 09:11:47,376.96,884.8,305.65
2021-07-27 09:11:48,375.89,884.5,305.65
2021-07-27 09:11:49,376.89,884.59,305.65
2021-07-27 09:11:50,376.54,884.59,305.65
2021-07-27 09:11:52,378.07,884.54,305.65
2021-07-27 09:11:53,378.71,885.01,305.65
2021-07-27 09:11:53,380.54,885.49,305.65
2021-07-27 09:11:54,380.32,885.49,305.65
2021-07-27 09:11:55,380.89,885.54,305.65
2021-07-27 09:11:56,381.15,884.83,305.65
2021-07-27 09:11:57,382.69,884.83,305.65
2021-07-27 09:11:58,383.64,885.72,305.65
2021-07-27 09:11:59,383.36,884.89,305.65
2021-07-27 09:12:00,383.7,885.96,305.65
2021-07-27 09:12:01,385.36,885.96,305.65
2021-07-27 09:12:02,385.98,899.15,305.65
2021-07-27 09:12:03,385.88,926.28,305.65
2021-07-27 09:12:04,385.86,864.48,305.65
2021-07-27 09:12:06,385.44,864.48,305.65
2021-07-27 09:12:06,386.33,861.4,305.65
2021-07-27 09:12:07,386.12,861.53,305.65
2021-07-27 09:12:08,386.04,861.53,305.65
2021-07-27 09:12:09,386.09,861.74,305.65
2021-07-27 09:12:11,386.39,861.31,305.65
2021-07-27 09:12:11,386.5,861.43,305.65
2021-07-27 09:12:13,385.88,861.43,305.65
2021-07-27 09:12:13,385.51,861.15,305.65
2021-07-27 09:12:14,385.62,861.62,305.65
2021-07-27 09:12:15,385.39,861.62,305.65
2021-07-27 09:12:16,385.34,861.19,305.65
2021-07-27 09:12:17,384.88,861.3,305.4
2021-07-27 09:12:18,385.26,861.46,305.4
2021-07-27 09:12:20,384.87,861.46,305.4
2021-07-27 09:12:21,384.1,861.43,305.4
2021-07-27 09:12:22,384.33,861.08,305.4
2021-07-27 09:12:22,384.49,861.11,305.4
2021-07-27 09:12:23,383.33,861.11,305.4
2021-07-27 09:12:24,383.03,861.16,305.4
2021-07-27 09:12:26,383.0,860.82,305.4
2021-07-27 09:12:26,382.44,860.82,305.4
2021-07-27 09:12:27,382.63,860.21,305.4
2021-07-27 09:12:28,382.91,859.62,305.4
2021-07-27 09:12:29,382.27,859.78,305.4
2021-07-27 09:12:30,381.43,859.78,305.4
2021-07-27 09:12:31,382.28,859.69,305.4
2021-07-27 09:12:32,381.64,859.45,305.4
2021-07-27 09:12:34,381.52,859.38,305.4
2021-07-27 09:12:34,380.93,859.38,305.4
2021-07-27 09:12:35,380.37,859.07,305.4
2021-07-27 09:12:36,380.2,859.1,305.4
2021-07-27 09:12:37,380.65,859.1,305.4
2021-07-27 09:12:38,380.48,858.99,305.4
2021-07-27 09:12:40,380.22,859.1,305.4
2021-07-27 09:12:40,380.36,859.61,305.4
2021-07-27 09:12:42,379.71,859.61,305.4
2021-07-27 09:12:42,379.52,859.62,305.4
2021-07-27 09:12:43,379.31,859.47,305.4
2021-07-27 09:12:44,379.58,859.47,305.4
2021-07-27 09:12:45,378.51,858.97,305.4
2021-07-27 09:12:46,378.57,859.56,305.4
2021-07-27 09:12:47,378.35,858.75,305.4
2021-07-27 09:12:48,378.55,858.75,305.4
2021-07-27 09:12:49,377.87,858.82,305.4
2021-07-27 09:12:50,377.7,858.6,305.4
2021-07-27 09:12:51,377.51,858.49,305.4
2021-07-27 09:12:52,377.4,858.49,305.4
2021-07-27 09:12:54,377.42,858.21,305.4
2021-07-27 09:12:54,377.58,858.19,305.4
2021-07-27 09:12:55,376.85,858.19,305.4
2021-07-27 09:12:56,376.42,858.19,305.4
2021-07-27 09:12:57,376.72,857.44,305.4
2021-07-27 09:12:58,376.48,857.62,305.4
2021-07-27 09:12:59,376.01,857.62,305.4
2021-07-27 09:13:01,376.51,858.17,305.4
2021-07-27 09:13:02,375.81,857.65,305.4
2021-07-27 09:13:03,375.78,857.65,305.4
2021-07-27 09:13:03,375.6,857.08,305.4
2021-07-27 09:13:04,374.83,857.9,305.4
2021-07-27 09:13:05,374.75,857.89,305.4
2021-07-27 09:13:06,375.09,857.89,305.4
2021-07-27 09:13:08,374.49,857.72,305.4
2021-07-27 09:13:08,374.76,857.89,305.4
2021-07-27 09:13:09,374.23,857.68,305.4
2021-07-27 09:13:10,374.47,857.68,305.4
2021-07-27 09:13:11,373.7,857.55,305.4
2021-07-27 09:13:12,373.76,857.21,305.4
2021-07-27 09:13:14,373.4,857.21,305.4
2021-07-27 09:13:15,373.46,856.96,305.15
2021-07-27 09:13:16,373.26,856.37,305.15
2021-07-27 09:13:16,373.47,856.18,305.15
2021-07-27 09:13:17,373.03,856.18,305.15
2021-07-27 09:13:18,373.02,856.35,305.15
2021-07-27 09:13:19,372.37,855.79,305.15
2021-07-27 09:13:20,372.21,855.79,305.15
2021-07-27 09:13:22,372.04,855.62,305.15
2021-07-27 09:13:23,372.14,855.31,305.15
2021-07-27 09:13:23,371.69,854.63,305.15
2021-07-27 09:13:25,371.38,854.63,305.15
2021-07-27 09:13:26,371.6,854.83,305.15
2021-07-27 09:13:26,371.54,854.42,305.15
2021-07-27 09:13:27,371.17,854.42,305.15
2021-07-27 09:13:29,371.03,854.29,305.15
2021-07-27 09:13:29,371.05,854.64,305.15
2021-07-27 09:13:30,371.31,853.93,305.15
2021-07-27 09:13:31,370.78,853.93,305.15
2021-07-27 09:13:33,370.46,856.49,305.15
2021-07-27 09:13:34,370.28,854.81,305.15
2021-07-27 09:13:34,370.11,854.15,305.15
2021-07-27 09:13:36,370.12,854.15,305.15
2021-07-27 09:13:36,370.34,854.34,305.15
2021-07-27 09:13:37,370.0,854.47,305.15
2021-07-27 09:13:38,370.28,854.47,305.15
2021-07-27 09:13:39,369.55,854.85,305.15
2021-07-27 09:13:40,369.48,854.56,305.15
2021-07-27 09:13:42,369.17,854.8,305.15
2021-07-27 09:13:43,369.23,854.8,305.15
2021-07-27 09:13:44,368.67,855.33,305.15
2021-07-27 09:13:44,368.56,855.39,305.15
2021-07-27 09:13:46,368.49,857.12,305.15
2021-07-27 09:13:46,368.81,857.12,305.15
2021-07-27 09:13:48,368.59,858.04,305.15
2021-07-27 09:13:48,367.95,856.92,305.15
2021-07-27 09:13:50,368.33,856.92,305.15
2021-07-27 09:13:51,368.56,857.62,305.15
2021-07-27 09:13:52,367.6,858.2,305.15
2021-07-27 09:13:53,367.86,858.31,305.15
2021-07-27 09:13:54,367.54,858.31,305.15
2021-07-27 09:13:55,367.89,857.5,305.15
2021-07-27 09:13:56,367.42,860.85,305.15
2021-07-27 09:13:56,367.49,860.85,305.15
2021-07-27 09:13:58,367.27,859.94,305.15
2021-07-27 09:13:58,367.07,859.3,305.15
2021-07-27 09:14:00,367.12,858.92,305.15
2021-07-27 09:14:01,366.58,858.92,305.15
2021-07-27 09:14:01,366.65,859.21,305.15
2021-07-27 09:14:03,366.81,859.37,305.15
2021-07-27 09:14:04,366.98,859.44,305.15
2021-07-27 09:14:04,365.86,859.44,305.15
2021-07-27 09:14:06,366.26,859.63,305.15
2021-07-27 09:14:06,366.17,859.99,305.15
2021-07-27 09:14:08,366.34,859.99,305.15
2021-07-27 09:14:09,365.86,859.44,305.15
2021-07-27 09:14:10,366.11,859.8,305.15
2021-07-27 09:14:11,365.64,859.23,305.15
2021-07-27 09:14:11,365.54,859.23,305.15
2021-07-27 09:15:44,370.04,447.51,305.15
2021-07-27 09:15:45,362.52,444.98,305.15
2021-07-27 09:15:46,361.98,443.96,305.15
2021-07-27 09:15:47,366.36,443.96,305.15
2021-07-27 09:15:48,373.14,441.42,305.15
2021-07-27 09:15:49,380.2,440.36,305.15
2021-07-27 09:15:50,380.09,440.36,305.15
2021-07-27 09:15:51,381.64,441.2,305.15
2021-07-27 09:15:52,381.83,440.89,305.15
2021-07-27 09:15:53,380.89,440.0,305.15
2021-07-27 09:15:54,381.09,440.0,305.15
2021-07-27 09:15:55,381.49,439.85,305.15
2021-07-27 09:15:56,382.0,439.51,305.15
2021-07-27 09:15:57,381.95,439.3,305.15
2021-07-27 09:15:58,384.12,439.3,305.15
2021-07-27 09:15:59,384.46,439.77,305.15
2021-07-27 09:16:00,385.83,440.35,305.15
2021-07-27 09:16:01,386.32,440.35,305.15
2021-07-27 09:16:02,385.61,440.32,305.15
2021-07-27 09:16:03,385.83,438.82,305.15
2021-07-27 09:16:04,386.7,430.52,305.15
2021-07-27 09:16:05,387.37,430.52,305.15
2021-07-27 09:16:06,387.37,390.77,305.15
2021-07-27 09:16:07,386.96,376.97,305.15
2021-07-27 09:16:08,388.17,376.97,305.15
2021-07-27 09:16:09,387.92,379.41,305.15
2021-07-27 09:16:10,388.2,378.94,305.15
2021-07-27 09:16:11,388.6,376.7,305.15
2021-07-27 09:16:12,388.22,376.7,305.15
2021-07-27 09:16:13,388.15,375.86,305.15
2021-07-27 09:16:14,388.75,377.11,305.15
2021-07-27 09:16:15,388.37,379.16,305.03
2021-07-27 09:16:16,388.24,379.16,305.03
2021-07-27 09:16:17,388.35,378.6,305.03
2021-07-27 09:16:18,388.25,378.16,305.03
2021-07-27 09:16:19,388.03,378.16,305.03
2021-07-27 09:16:20,388.53,378.55,305.03
2021-07-27 09:16:21,388.08,378.43,305.03
2021-07-27 09:16:22,387.88,378.61,305.03
2021-07-27 09:16:23,387.68,378.61,305.03
2021-07-27 09:16:24,388.45,378.59,305.03
2021-07-27 09:16:25,387.96,378.76,305.03
2021-07-27 09:16:26,387.51,378.76,305.03
2021-07-27 09:16:27,387.68,378.78,305.03
2021-07-27 09:16:28,387.89,379.15,305.03
2021-07-27 09:16:29,387.81,379.46,305.03
2021-07-27 09:16:30,387.98,379.46,305.03
2021-07-27 09:16:31,388.0,379.18,305.03
2021-07-27 09:16:32,387.77,379.25,305.03
2021-07-27 09:16:33,387.92,379.11,305.03
2021-07-27 09:16:34,387.84,379.11,305.03
2021-07-27 09:16:35,387.83,379.15,305.03
2021-07-27 09:16:36,388.11,379.06,305.03
2021-07-27 09:16:37,388.23,379.06,305.03
2021-07-27 09:16:38,388.07,379.35,305.03
2021-07-27 09:16:39,388.19,379.61,305.03
2021-07-27 09:16:40,388.42,379.36,305.03
2021-07-27 09:16:41,388.09,379.36,304.9
2021-07-27 09:16:42,388.42,379.54,304.9
2021-07-27 09:16:43,388.45,379.73,304.9
2021-07-27 09:16:44,388.74,379.73,304.9
2021-07-27 09:16:45,388.48,379.72,304.9
2021-07-27 09:16:46,388.66,379.67,304.9
2021-07-27 09:16:47,388.41,379.96,304.9
2021-07-27 09:16:48,388.65,379.96,304.9
2021-07-27 09:16:49,388.74,379.92,304.9
2021-07-27 09:16:50,388.38,380.29,304.9
2021-07-27 09:16:51,389.13,380.24,304.9
2021-07-27 09:16:52,389.27,380.24,304.9
2021-07-27 09:16:53,389.04,381.19,304.9
2021-07-27 09:16:54,389.42,380.84,304.9
2021-07-27 09:16:55,389.25,380.84,304.9
2021-07-27 09:16:56,389.18,380.73,304.9
2021-07-27 09:16:57,389.42,381.22,304.9
2021-07-27 09:16:58,389.68,381.84,304.9
2021-07-27 09:16:59,389.4,381.84,304.9
2021-07-27 09:17:00,389.55,381.91,304.9
2021-07-27 09:17:01,389.87,381.34,304.78
2021-07-27 09:17:02,390.08,381.4,304.78
2021-07-27 09:17:03,389.64,381.4,304.78
2021-07-27 09:17:04,390.14,381.6,304.78
2021-07-27 09:17:05,389.85,381.96,304.78
2021-07-27 09:17:06,390.95,381.96,304.78
2021-07-27 09:17:07,390.68,381.82,304.78
2021-07-27 09:17:08,390.1,382.14,304.78
2021-07-27 09:17:09,389.99,382.23,304.78
2021-07-27 09:17:10,390.54,382.23,304.78
2021-07-27 09:17:11,390.74,382.07,304.78
2021-07-27 09:17:12,391.06,381.91,304.78
2021-07-27 09:17:13,391.04,381.91,304.78
2021-07-27 09:17:14,391.28,382.33,304.78
2021-07-27 09:17:15,390.96,382.41,304.78
2021-07-27 09:17:16,391.18,381.17,304.78
2021-07-27 09:17:17,391.18,381.17,304.78
2021-07-27 09:17:18,390.71,381.54,304.78
2021-07-27 09:17:19,391.39,381.91,304.78
2021-07-27 09:17:20,391.33,381.91,304.78
2021-07-27 09:17:21,391.34,382.05,304.78
2021-07-27 09:17:22,391.68,382.0,304.78
2021-07-27 09:17:23,391.56,382.38,304.78
2021-07-27 09:17:24,391.78,382.38,304.78
2021-07-27 09:17:25,392.54,382.43,304.78
2021-07-27 09:17:26,391.78,382.67,304.78
2021-07-27 09:17:27,392.24,382.83,304.78
2021-07-27 09:17:28,392.48,382.83,304.78
2021-07-27 09:17:29,392.1,383.05,304.65
2021-07-27 09:17:30,392.4,383.02,304.65
2021-07-27 09:17:31,393.04,383.02,304.65
2021-07-27 09:17:32,393.01,383.06,304.65
2021-07-27 09:17:33,392.64,383.0,304.65
2021-07-27 09:17:34,393.0,383.44,304.65
2021-07-27 09:17:35,393.08,383.44,304.65
2021-07-27 09:17:36,393.44,383.43,304.65
2021-07-27 09:17:37,393.52,383.71,304.65
2021-07-27 09:17:38,393.95,383.71,304.65
2021-07-27 09:17:39,393.64,383.68,304.65
2021-07-27 09:17:40,393.52,383.6,304.65
2021-07-27 09:17:41,394.14,383.47,304.65
2021-07-27 09:17:42,394.12,383.47,304.65
2021-07-27 09:17:43,394.51,383.67,304.65
2021-07-27 09:17:44,394.76,383.72,304.65
2021-07-27 09:17:45,394.78,383.86,304.65
2021-07-27 09:17:46,395.03,383.86,304.65
2021-07-27 09:17:47,394.88,383.79,304.65
2021-07-27 09:17:48,395.31,383.95,304.65
2021-07-27 09:17:49,395.36,383.95,304.65
2021-07-27 09:17:50,395.43,383.93,304.65
2021-07-27 09:17:51,395.6,383.93,304.65
2021-07-27 09:17:52,396.0,384.0,304.65
2021-07-27 09:17:53,396.4,384.0,304.65
2021-07-27 09:17:54,396.16,383.98,304.65
2021-07-27 09:17:55,396.36,383.86,304.65
2021-07-27 09:17:56,396.19,383.86,304.65
2021-07-27 09:17:57,396.72,383.68,304.65
2021-07-27 09:17:58,396.72,383.85,304.65
2021-07-27 09:17:59,396.82,383.82,304.65
2021-07-27 09:18:00,396.96,383.82,304.65
2021-07-27 09:18:01,397.45,383.87,304.65
2021-07-27 09:18:02,397.41,384.01,304.65
2021-07-27 09:18:03,397.42,383.37,304.65
2021-07-27 09:18:04,397.53,383.37,304.65
2021-07-27 09:18:05,397.55,382.98,304.65
2021-07-27 09:18:06,397.74,382.88,304.65
2021-07-27 09:18:07,397.86,382.88,304.53
2021-07-27 09:18:08,398.19,382.81,304.53
2021-07-27 09:18:09,398.17,384.94,304.53
2021-07-27 09:18:10,398.55,381.81,304.53
2021-07-27 09:18:11,398.93,381.81,304.53
2021-07-27 09:19:39,403.82,254.33,304.28
2021-07-27 09:19:40,395.89,254.33,304.28
2021-07-27 09:19:41,395.18,253.1,304.28
2021-07-27 09:19:42,399.21,252.53,304.28
2021-07-27 09:19:43,410.51,249.98,304.28
2021-07-27 09:19:44,416.7,249.98,304.28
2021-07-27 09:19:45,414.94,249.06,304.28
2021-07-27 09:19:46,414.27,248.97,304.28
2021-07-27 09:19:47,413.31,248.97,304.28
2021-07-27 09:19:48,413.34,247.66,304.15
2021-07-27 09:19:49,412.61,248.32,304.15
2021-07-27 09:19:50,411.76,249.05,304.15
2021-07-27 09:19:51,411.37,249.05,304.15
2021-07-27 09:19:52,409.61,251.16,304.15
2021-07-27 09:19:53,409.73,250.51,304.15
2021-07-27 09:19:54,409.34,250.94,304.15
2021-07-27 09:19:55,409.5,250.94,304.15
2021-07-27 09:19:56,409.23,251.06,304.15
2021-07-27 09:19:57,409.26,251.65,304.15
2021-07-27 09:19:58,408.68,251.65,304.15
2021-07-27 09:19:59,408.4,252.88,304.15
2021-07-27 09:20:00,408.39,273.3,304.15
2021-07-27 09:20:01,407.12,239.8,304.15
2021-07-27 09:20:02,406.2,239.8,304.15
2021-07-27 09:20:03,405.62,237.93,304.15
2021-07-27 09:20:04,405.05,238.12,304.15
2021-07-27 09:20:05,404.78,238.12,304.15
2021-07-27 09:20:06,404.11,238.12,304.15
2021-07-27 09:20:07,404.33,237.91,304.15
2021-07-27 09:20:08,403.15,237.99,304.15
2021-07-27 09:20:09,403.21,237.99,304.15
2021-07-27 09:20:10,404.11,238.26,304.15
2021-07-27 09:20:11,402.99,239.17,304.15
2021-07-27 09:20:12,402.73,239.58,304.15
2021-07-27 09:20:13,403.57,239.58,304.15
2021-07-27 09:20:14,403.73,239.96,304.15
2021-07-27 09:20:15,403.47,239.71,304.15
2021-07-27 09:20:16,403.99,239.71,304.15
2021-07-27 09:20:17,404.22,240.21,304.03
2021-07-27 09:20:18,404.29,240.33,304.03
2021-07-27 09:20:19,404.03,239.32,304.03
2021-07-27 09:20:20,404.07,239.32,304.03
2021-07-27 09:20:21,404.33,239.57,304.03
2021-07-27 09:20:22,404.16,238.46,304.03
2021-07-27 09:20:23,404.81,239.06,304.03
2021-07-27 09:20:24,404.96,239.06,304.03
2021-07-27 09:20:25,405.64,239.4,304.03
2021-07-27 09:20:26,405.02,239.17,304.03
2021-07-27 09:20:27,405.5,239.17,304.03
2021-07-27 09:20:28,405.34,239.43,304.03
2021-07-27 09:20:29,405.6,239.03,304.03
2021-07-27 09:20:30,406.06,238.66,304.03
2021-07-27 09:20:31,406.45,238.66,304.03
2021-07-27 09:20:32,406.63,238.83,304.03
2021-07-27 09:20:33,407.15,238.65,304.03
2021-07-27 09:20:34,407.04,238.65,304.03
2021-07-27 09:20:35,407.13,238.61,304.03
2021-07-27 09:20:36,407.39,238.55,304.03
2021-07-27 09:20:37,407.54,239.38,304.03
2021-07-27 09:20:38,407.34,239.38,304.03
2021-07-27 09:20:39,408.36,239.53,304.03
2021-07-27 09:20:40,407.86,239.54,304.03
2021-07-27 09:20:41,408.02,239.48,304.03
2021-07-27 09:20:42,408.25,239.48,304.03
2021-07-27 09:20:43,408.41,239.35,304.03
2021-07-27 09:20:44,409.01,239.58,304.03
2021-07-27 09:20:45,409.45,239.58,304.03
2021-07-27 09:20:46,409.36,239.78,304.03
2021-07-27 09:20:47,410.17,239.68,304.03
2021-07-27 09:20:48,410.7,239.81,304.03
2021-07-27 09:20:49,410.15,239.81,303.9
2021-07-27 09:20:50,410.28,239.58,303.9
2021-07-27 09:20:51,410.38,239.49,303.9
2021-07-27 09:20:52,410.87,239.35,303.9
2021-07-27 09:20:53,410.54,239.35,303.9
2021-07-27 09:20:54,411.07,239.27,303.9
2021-07-27 09:20:55,411.86,239.44,303.9
2021-07-27 09:20:56,411.67,239.44,303.9
2021-07-27 09:20:57,412.28,239.33,303.9
2021-07-27 09:20:58,412.2,239.32,303.9
2021-07-27 09:20:59,412.45,239.4,303.9
2021-07-27 09:21:00,412.71,239.4,303.9
2021-07-27 09:21:01,412.91,239.57,303.9
2021-07-27 09:21:02,412.98,239.49,303.9
2021-07-27 09:21:03,413.44,239.49,303.9
2021-07-27 09:21:04,413.77,239.62,303.9
2021-07-27 09:21:05,413.66,239.6,303.9
2021-07-27 09:21:06,413.99,239.68,303.9
2021-07-27 09:21:07,414.2,239.68,303.9
2021-07-27 09:21:08,414.5,239.93,303.9
2021-07-27 09:21:09,414.8,241.36,303.9
2021-07-27 09:21:10,415.29,241.4,303.9
2021-07-27 09:21:11,415.82,241.4,303.9
2021-07-27 09:21:12,415.53,241.39,303.9
2021-07-27 09:21:13,416.02,241.35,303.9
2021-07-27 09:21:14,416.05,241.35,303.9
2021-07-27 09:21:15,416.75,241.06,303.9
2021-07-27 09:21:16,416.29,240.99,303.9
2021-07-27 09:21:17,416.46,240.49,303.9
2021-07-27 09:21:18,417.07,240.49,303.9
2021-07-27 09:21:19,417.2,241.07,303.9
2021-07-27 09:21:20,417.3,240.86,303.9
2021-07-27 09:21:21,418.12,240.86,303.9
2021-07-27 09:21:22,418.11,240.61,303.78
2021-07-27 09:21:23,418.45,240.54,303.78
2021-07-27 09:21:24,419.08,240.92,303.78
2021-07-27 09:21:25,418.75,240.92,303.78
2021-07-27 09:21:26,419.48,241.31,303.78
2021-07-27 09:21:27,420.55,241.65,303.78
2021-07-27 09:21:28,419.64,239.51,303.78
2021-07-27 09:21:29,419.67,239.51,303.78
2021-07-27 09:21:30,420.22,239.54,303.78
2021-07-27 09:21:31,420.2,240.26,303.78
2021-07-27 09:21:32,420.43,240.26,303.78
2021-07-27 09:21:33,421.16,240.52,303.78
2021-07-27 09:21:34,421.11,240.53,303.78
2021-07-27 09:21:35,421.93,240.63,303.78
2021-07-27 09:21:36,421.95,240.63,303.78
2021-07-27 09:21:37,421.66,240.42,303.78
2021-07-27 09:21:38,422.18,240.58,303.78
2021-07-27 09:21:39,422.79,240.58,303.78
2021-07-27 09:21:40,423.19,240.58,303.78
2021-07-27 09:21:41,423.13,240.56,303.78
2021-07-27 09:21:42,422.77,240.76,303.78
2021-07-27 09:21:43,423.44,240.76,303.78
2021-07-27 09:21:44,423.79,240.76,303.78
2021-07-27 09:21:45,424.12,241.4,303.78
2021-07-27 09:21:46,424.26,241.55,303.78
2021-07-27 09:21:47,424.11,241.55,303.78
2021-07-27 09:21:48,424.94,241.55,303.78
2021-07-27 09:21:49,424.67,241.56,303.78
2021-07-27 09:21:50,425.34,241.56,303.78
2021-07-27 09:21:51,425.31,241.31,303.78
2021-07-27 09:21:52,425.47,241.25,303.78
2021-07-27 09:21:53,426.13,241.59,303.78
2021-07-27 09:21:54,426.28,241.59,303.78
2021-07-27 09:21:55,426.75,241.34,303.78
2021-07-27 09:21:56,427.0,241.77,303.78
2021-07-27 09:21:57,427.03,241.62,303.78
2021-07-27 09:21:58,427.85,241.62,303.78
2021-07-27 09:21:59,427.83,241.75,303.78
2021-07-27 09:22:00,428.11,241.83,303.78
2021-07-27 09:22:01,428.13,241.83,303.78
2021-07-27 09:22:02,428.71,241.78,303.78
2021-07-27 09:22:03,429.3,241.69,303.78
2021-07-27 09:22:04,428.5,241.73,303.78
2021-07-27 09:22:05,429.02,241.73,303.78
2021-07-27 09:22:06,429.81,239.58,303.78
2021-07-27 09:22:07,430.03,239.73,303.65
2021-07-27 09:23:48,434.68,0.54,
2021-07-27 09:23:49,425.77,0.54,
2021-07-27 09:23:50,425.35,0.49,
2021-07-27 09:23:51,431.54,0.52,
2021-07-27 09:23:52,422.22,0.52,
2021-07-27 09:23:53,417.18,0.5,
2021-07-27 09:23:54,416.76,0.47,
2021-07-27 09:23:55,413.59,0.47,
2021-07-27 09:23:56,412.84,0.45,
2021-07-27 09:23:57,411.97,0.49,
2021-07-27 09:23:58,411.92,0.49,
2021-07-27 09:23:59,410.42,0.49,
2021-07-27 09:24:00,409.0,0.47,303.78
2021-07-27 09:24:01,406.79,0.47,
2021-07-27 09:24:02,408.31,0.47,
2021-07-27 09:24:03,407.28,0.4,
2021-07-27 09:24:04,407.78,0.55,
2021-07-27 09:24:05,406.9,0.55,
2021-07-27 09:24:06,406.66,0.41,
2021-07-27 09:24:07,406.43,0.47,
2021-07-27 09:24:08,406.58,0.39,
2021-07-27 09:24:09,406.18,0.39,
2021-07-27 09:24:10,406.01,0.48,
2021-07-27 09:24:11,406.41,0.57,
2021-07-27 09:24:12,406.84,0.65,
2021-07-27 09:24:13,407.42,0.65,
2021-07-27 09:24:14,407.45,0.49,
2021-07-27 09:24:15,408.01,0.49,
2021-07-27 09:24:16,408.24,0.49,
2021-07-27 09:24:17,408.91,0.43,
2021-07-27 09:24:18,408.99,0.49,
2021-07-27 09:24:19,408.9,0.49,
2021-07-27 09:24:20,410.09,0.56,
2021-07-27 09:24:21,410.54,0.46,
2021-07-27 09:24:22,410.89,0.46,
2021-07-27 09:24:23,411.07,0.5,
2021-07-27 09:24:24,411.44,0.49,
2021-07-27 09:24:25,411.6,0.38,
2021-07-27 09:24:26,412.05,0.38,
2021-07-27 09:24:27,412.27,0.44,303.4
2021-07-27 09:24:28,412.22,0.49,303.4
2021-07-27 09:24:29,412.98,0.49,303.4
2021-07-27 09:24:30,413.65,0.5,
2021-07-27 09:24:31,414.65,0.47,
2021-07-27 09:24:32,414.23,0.51,
2021-07-27 09:24:33,415.53,0.51,
2021-07-27 09:24:34,415.71,0.43,
2021-07-27 09:24:35,415.82,0.48,
2021-07-27 09:24:36,415.7,0.48,
2021-07-27 09:24:37,416.28,0.49,
2021-07-27 09:24:38,416.87,0.49,
2021-07-27 09:24:39,417.29,0.46,
2021-07-27 09:24:40,417.65,0.46,
2021-07-27 09:24:41,418.37,0.53,
2021-07-27 09:24:42,418.63,0.47,
2021-07-27 09:24:43,418.58,0.47,
2021-07-27 09:24:44,419.59,0.46,
2021-07-27 09:24:45,419.66,0.49,
2021-07-27 09:24:46,420.49,0.49,
2021-07-27 09:24:47,420.62,0.45,
2021-07-27 09:24:48,421.16,0.5,
2021-07-27 09:24:49,421.62,0.52,
2021-07-27 09:24:50,422.02,0.52,
2021-07-27 09:24:51,422.32,0.36,
2021-07-27 09:24:52,422.23,0.43,
2021-07-27 09:24:53,422.73,0.43,
2021-07-27 09:24:54,423.71,0.46,
2021-07-27 09:24:55,423.83,0.46,303.15
2021-07-27 09:24:56,424.78,0.45,303.15
2021-07-27 09:24:57,425.07,0.45,303.15
2021-07-27 09:24:58,424.97,0.48,
2021-07-27 09:24:59,425.88,0.51,
2021-07-27 09:25:00,426.76,0.51,
2021-07-27 09:25:01,426.14,0.56,
2021-07-27 09:25:02,427.43,0.44,
2021-07-27 09:25:03,427.46,0.54,
2021-07-27 09:25:04,427.85,0.54,
2021-07-27 09:25:05,428.23,0.52,
2021-07-27 09:25:06,428.53,0.54,303.15
2021-07-27 09:25:07,429.68,0.54,303.15
2021-07-27 09:25:08,429.87,0.49,303.15
2021-07-27 09:25:09,429.97,0.49,
2021-07-27 09:25:10,430.05,0.46,
2021-07-27 09:25:11,430.62,0.46,
2021-07-27 09:25:12,430.9,0.45,
2021-07-27 09:25:13,431.41,0.49,
2021-07-27 09:25:14,432.05,0.49,
2021-07-27 09:25:15,432.3,0.42,
2021-07-27 09:25:16,433.31,0.47,
2021-07-27 09:25:17,433.26,0.36,
2021-07-27 09:25:18,432.95,0.36,
2021-07-27 09:25:19,433.77,0.46,
2021-07-27 09:25:20,434.62,0.46,
2021-07-27 09:25:21,434.73,0.46,303.03
2021-07-27 09:25:22,435.08,0.52,303.03
2021-07-27 09:25:23,435.42,0.48,303.03
2021-07-27 09:25:24,436.53,0.45,
2021-07-27 09:25:25,436.67,0.45,
2021-07-27 09:25:26,436.55,0.41,
2021-07-27 09:25:27,437.13,0.4,
2021-07-27 09:25:28,437.82,0.4,
2021-07-27 09:25:29,438.1,0.44,
2021-07-27 09:25:30,438.59,0.48,
2021-07-27 09:25:31,439.4,0.48,
2021-07-27 09:25:32,439.45,0.46,
2021-07-27 09:25:33,440.52,0.49,
2021-07-27 09:25:34,440.13,0.49,
2021-07-27 09:25:35,441.0,0.49,
2021-07-27 09:25:36,441.58,0.5,
2021-07-27 09:25:37,441.36,0.37,
2021-07-27 09:25:38,441.71,0.37,
2021-07-27 09:25:39,442.59,0.44,
2021-07-27 09:25:40,442.69,0.52,
2021-07-27 09:25:41,442.98,0.52,
2021-07-27 09:25:42,444.38,0.47,
2021-07-27 09:25:43,444.23,0.47,
2021-07-27 09:25:44,444.73,0.53,
2021-07-27 09:25:45,445.66,0.53,302.9
2021-07-27 09:25:46,445.23,0.49,302.9
2021-07-27 09:25:47,445.22,0.42,302.9
2021-07-27 09:25:48,446.2,0.42,302.9
2021-07-27 09:25:49,446.15,0.51,302.9
2021-07-27 09:25:50,446.85,0.48,302.9
2021-07-27 09:25:51,447.66,0.47,302.9
2021-07-27 09:25:52,448.7,0.47,302.9
2021-07-27 09:25:53,447.95,0.51,302.9
2021-07-27 09:25:54,448.59,0.41,302.9
2021-07-27 09:25:55,449.7,0.41,302.9
2021-07-27 09:25:56,449.86,0.43,302.9
2021-07-27 09:25:57,450.15,0.47,302.9
2021-07-27 09:25:58,450.48,0.47,
2021-07-27 09:25:59,450.65,0.47,
2021-07-27 09:26:00,451.59,0.51,
2021-07-27 09:26:01,452.29,0.5,
2021-07-27 09:26:02,452.86,0.5,
2021-07-27 09:26:03,452.48,0.51,
2021-07-27 09:26:04,451.9,0.47,
2021-07-27 09:26:05,451.65,0.44,
2021-07-27 09:26:06,449.73,0.44,
2021-07-27 09:28:06,450.95,0.51,302.53
2021-07-27 09:28:07,440.65,0.51,302.53
2021-07-27 09:28:08,441.07,0.4,302.53
2021-07-27 09:28:09,444.7,0.47,302.53
2021-07-27 09:28:10,460.3,0.39,302.4
2021-07-27 09:28:11,459.79,0.39,302.4
2021-07-27 09:28:12,458.39,0.43,302.4
2021-07-27 09:28:13,456.52,0.37,302.4
2021-07-27 09:28:14,454.22,0.51,302.4
2021-07-27 09:28:15,446.21,0.51,302.4
2021-07-27 09:28:16,447.11,0.37,302.4
2021-07-27 09:28:17,447.71,0.43,302.4
2021-07-27 09:28:18,442.68,0.43,302.4
2021-07-27 09:28:19,442.19,0.46,302.4
2021-07-27 09:28:20,443.04,0.41,302.4
2021-07-27 09:28:21,440.97,0.5,302.4
2021-07-27 09:28:22,440.07,0.5,302.4
2021-07-27 09:28:23,432.6,0.52,302.4
2021-07-27 09:28:24,430.81,0.38,302.4
2021-07-27 09:28:25,434.7,0.38,302.4
2021-07-27 09:28:26,430.9,0.32,302.4
2021-07-27 09:28:27,421.31,0.44,302.4
2021-07-27 09:28:28,424.39,0.52,302.4
2021-07-27 09:28:29,419.96,0.52,302.4
2021-07-27 09:28:30,415.07,0.44,302.4
2021-07-27 09:28:31,422.54,0.52,302.4
2021-07-27 09:28:32,419.19,0.45,302.4
2021-07-27 09:28:33,415.67,0.45,302.4
2021-07-27 09:28:34,415.43,0.45,302.4
2021-07-27 09:28:35,414.71,0.51,302.4
2021-07-27 09:28:36,414.78,0.51,302.4
2021-07-27 09:28:37,413.65,0.49,302.4
2021-07-27 09:28:38,413.38,0.49,302.4
2021-07-27 09:28:39,414.08,0.48,302.4
2021-07-27 09:28:40,414.71,0.48,302.4
2021-07-27 09:28:41,414.77,0.47,302.4
2021-07-27 09:28:42,414.9,0.49,302.4
2021-07-27 09:28:43,415.68,0.44,302.4
2021-07-27 09:28:44,415.79,0.44,302.4
2021-07-27 09:28:45,416.02,0.46,302.4
2021-07-27 09:28:46,416.47,0.5,302.4
2021-07-27 09:28:47,417.44,0.5,302.4
2021-07-27 09:28:48,417.32,0.52,302.4
2021-07-27 09:28:49,417.6,0.4,302.4
2021-07-27 09:28:50,418.02,0.4,302.4
2021-07-27 09:28:51,418.36,0.4,302.4
2021-07-27 09:28:52,419.35,0.39,302.4
2021-07-27 09:28:53,418.7,0.48,302.4
2021-07-27 09:28:54,419.03,0.48,302.4
2021-07-27 09:28:55,419.97,0.44,302.4
2021-07-27 09:28:56,420.02,0.42,302.4
2021-07-27 09:28:57,421.21,0.33,302.4
2021-07-27 09:28:58,421.01,0.33,302.4
2021-07-27 09:28:59,420.97,0.48,302.4
2021-07-27 09:29:00,421.93,0.48,302.4
2021-07-27 09:29:01,421.8,0.48,302.4
2021-07-27 09:29:02,422.46,0.47,302.4
2021-07-27 09:29:03,423.34,0.49,302.4
2021-07-27 09:29:04,423.66,0.37,302.4
2021-07-27 09:29:05,423.11,0.37,302.4
2021-07-27 09:29:06,424.2,0.53,302.4
2021-07-27 09:29:07,424.4,0.47,302.4
2021-07-27 09:29:08,424.65,0.46,302.4
2021-07-27 09:29:09,425.05,0.46,302.4
2021-07-27 09:29:10,425.26,0.44,302.4
2021-07-27 09:29:11,425.62,0.48,302.4
2021-07-27 09:29:12,426.73,0.48,302.4
2021-07-27 09:29:13,426.21,0.47,302.4
2021-07-27 09:29:14,426.69,0.45,302.4
2021-07-27 09:29:15,427.41,0.4,302.4
2021-07-27 09:29:16,427.91,0.4,302.4
2021-07-27 09:29:17,428.47,0.51,302.4
2021-07-27 09:29:18,428.22,0.47,302.4
2021-07-27 09:29:19,428.76,0.47,302.4
2021-07-27 09:29:20,429.37,0.46,302.4
2021-07-27 09:29:21,429.1,0.42,302.4
2021-07-27 09:29:22,430.09,0.49,302.4
2021-07-27 09:29:23,430.9,0.49,302.4
2021-07-27 09:29:24,430.7,0.49,302.4
2021-07-27 09:29:25,431.1,0.44,302.4
2021-07-27 09:29:26,431.37,0.42,302.4
2021-07-27 09:29:27,431.47,0.42,302.4
2021-07-27 09:29:28,432.08,0.4,302.4
2021-07-27 09:29:29,432.75,0.53,302.4
2021-07-27 09:29:30,432.51,0.53,302.4
2021-07-27 09:29:31,433.4,0.5,302.4
2021-07-27 09:29:32,433.26,0.48,302.4
2021-07-27 09:29:33,434.13,0.46,302.4
2021-07-27 09:29:34,435.09,0.46,302.4
2021-07-27 09:29:35,435.74,0.47,302.4
2021-07-27 09:29:36,435.27,0.43,302.4
2021-07-27 09:29:37,436.2,0.43,302.4
2021-07-27 09:29:38,436.0,0.43,302.4
2021-07-27 09:29:39,436.76,0.4,302.4
2021-07-27 09:29:40,436.95,0.52,302.4
2021-07-27 09:29:41,437.11,0.52,302.4
2021-07-27 09:29:42,437.44,0.46,302.4
2021-07-27 09:29:43,438.34,0.5,302.28
2021-07-27 09:29:44,438.32,0.43,302.28
2021-07-27 09:29:45,439.33,0.43,302.28
2021-07-27 09:29:46,438.84,0.4,302.28
2021-07-27 09:29:47,439.93,0.54,302.28
2021-07-27 09:29:48,440.66,0.54,302.28
2021-07-27 09:29:49,440.14,0.49,302.28
2021-07-27 09:29:50,440.88,0.43,302.28
2021-07-27 09:29:51,440.79,0.46,302.28
2021-07-27 09:29:52,441.63,0.46,302.28
2021-07-27 09:29:53,442.85,0.49,302.28
2021-07-27 09:29:54,442.51,0.5,302.28
2021-07-27 09:29:55,442.73,0.5,302.28
2021-07-27 09:29:56,442.77,0.45,302.28
2021-07-27 09:29:57,443.4,0.44,302.28
2021-07-27 09:29:58,443.99,0.43,302.28
2021-07-27 09:29:59,444.59,0.43,302.28
2021-07-27 09:30:00,444.66,0.42,302.28
2021-07-27 09:30:01,444.32,0.45,302.28
2021-07-27 09:30:02,445.57,0.48,302.28
2021-07-27 09:30:03,446.35,0.48,302.28
2021-07-27 09:30:04,445.93,0.44,302.28
2021-07-27 09:30:05,446.47,0.49,302.28
2021-07-27 09:30:06,446.81,0.49,302.28
2021-07-27 09:30:07,447.84,0.41,302.28
2021-07-27 09:30:08,447.75,0.42,302.28
2021-07-27 09:30:09,448.21,0.39,302.28
2021-07-27 09:30:10,448.82,0.39,302.28
2021-07-27 09:30:11,449.21,0.43,302.28
2021-07-27 09:30:12,449.8,0.4,302.28
2021-07-27 09:30:13,449.81,0.4,302.28
2021-07-27 09:30:14,450.27,0.41,302.28
2021-07-27 09:30:15,450.55,0.49,302.28
2021-07-27 09:30:16,450.71,0.44,302.28
2021-07-27 09:30:17,451.19,0.44,302.28
2021-07-27 09:30:18,452.03,0.5,302.28
2021-07-27 09:30:19,452.22,0.44,302.28
2021-07-27 09:30:20,452.27,0.41,302.28
2021-07-27 09:30:21,452.8,0.41,302.28
2021-07-27 09:30:22,453.32,0.49,302.28
2021-07-27 09:30:23,454.44,0.46,302.28
2021-07-27 09:30:24,453.95,0.46,302.28
2021-07-27 09:30:25,454.44,0.46,302.28
2021-07-27 09:30:26,454.63,0.44,302.28
2021-07-27 09:30:27,455.61,0.46,302.28
2021-07-27 09:30:28,456.12,0.46,302.28
2021-07-27 09:30:29,456.07,0.43,302.28
2021-07-27 09:30:30,456.88,0.37,302.28
2021-07-27 09:30:31,457.0,0.47,302.28
2021-07-27 09:30:32,458.04,0.47,302.28
2021-07-27 09:30:33,457.58,0.49,302.28
2021-07-27 09:39:33,462.51,1661.11,
2021-07-27 09:39:34,454.18,1661.11,
2021-07-27 09:39:35,457.42,1660.03,
2021-07-27 09:39:36,455.59,1660.45,
2021-07-27 09:39:37,363.02,1657.37,
2021-07-27 09:39:38,362.43,1657.37,
2021-07-27 09:39:39,371.37,1536.6,
2021-07-27 09:39:40,372.13,1488.32,
2021-07-27 09:39:41,372.97,1488.32,
2021-07-27 09:39:42,374.04,1500.86,
2021-07-27 09:39:43,375.03,1481.82,
2021-07-27 09:39:44,374.55,1481.82,
2021-07-27 09:39:45,373.53,1471.56,
2021-07-27 09:39:46,373.31,1476.52,
2021-07-27 09:39:47,373.72,1479.01,
2021-07-27 09:39:48,373.77,1479.01,307.4
2021-07-27 09:39:49,373.79,1469.2,307.4
2021-07-27 09:39:50,373.46,1468.44,307.4
2021-07-27 09:39:51,373.44,1468.44,
2021-07-27 09:39:52,373.08,1472.32,
2021-07-27 09:39:53,373.2,1477.97,
2021-07-27 09:39:54,372.57,1477.97,
2021-07-27 09:39:55,373.32,1476.76,307.4
2021-07-27 09:39:56,372.87,1475.41,307.4
2021-07-27 09:39:57,372.48,1478.81,307.4
2021-07-27 09:39:58,372.13,1478.81,307.4
2021-07-27 09:39:59,372.11,1476.87,307.4
2021-07-27 09:40:00,372.0,1470.13,307.4
2021-07-27 09:40:01,371.98,1465.42,307.4
2021-07-27 09:40:02,372.6,1465.42,307.4
2021-07-27 09:40:03,371.75,1470.24,307.4
2021-07-27 09:40:04,371.68,1471.3,307.15
2021-07-27 09:40:05,372.1,1471.3,
2021-07-27 09:40:06,372.19,1464.28,
2021-07-27 09:40:07,371.72,1464.98,
2021-07-27 09:40:08,371.5,1466.13,
2021-07-27 09:40:09,371.01,1466.13,
2021-07-27 09:40:10,371.16,1468.35,
2021-07-27 09:40:11,370.99,1479.99,
2021-07-27 09:40:12,370.95,1479.99,
2021-07-27 09:40:13,371.16,1481.93,
2021-07-27 09:40:14,371.3,1480.8,
2021-07-27 09:40:15,370.95,1480.8,
2021-07-27 09:40:16,370.61,1476.09,
2021-07-27 09:40:17,370.44,1473.75,
2021-07-27 09:40:18,370.5,1473.75,
2021-07-27 09:40:19,370.44,1472.39,
2021-07-27 09:40:20,370.69,1476.44,
2021-07-27 09:40:21,370.62,1478.48,
2021-07-27 09:40:22,370.6,1478.48,
2021-07-27 09:40:23,370.51,1478.73,
2021-07-27 09:40:24,370.04,1479.08,
2021-07-27 09:40:25,370.67,1479.08,
2021-07-27 09:40:26,370.6,1474.29,
2021-07-27 09:40:27,369.69,1473.0,
2021-07-27 09:40:28,370.68,1469.8,
2021-07-27 09:40:29,369.97,1469.8,
2021-07-27 09:40:30,369.48,1469.98,
2021-07-27 09:40:31,369.71,1466.76,
2021-07-27 09:40:32,369.57,1466.76,
2021-07-27 09:40:33,369.02,1472.11,
2021-07-27 09:40:34,370.07,1470.23,
2021-07-27 09:40:35,369.71,1470.23,306.65
2021-07-27 09:40:36,369.49,1473.99,306.65
2021-07-27 09:40:37,368.91,1465.31,306.65
2021-07-27 09:40:38,369.1,1478.34,306.65
2021-07-27 09:40:39,370.07,1478.34,306.65
2021-07-27 09:40:40,369.67,1473.24,306.65
2021-07-27 09:40:41,369.97,1462.89,306.65
2021-07-27 09:40:42,369.04,1462.89,306.65
2021-07-27 09:40:43,369.3,1461.28,306.65
2021-07-27 09:40:44,369.64,1463.59,306.65
2021-07-27 09:40:45,368.88,1465.58,306.65
2021-07-27 09:40:46,368.99,1465.58,
2021-07-27 09:40:47,368.24,1462.51,
2021-07-27 09:40:48,368.36,1465.01,
2021-07-27 09:40:49,368.8,1465.01,306.4
2021-07-27 09:40:50,368.13,1464.52,306.4
2021-07-27 09:40:51,368.59,1476.8,306.4
2021-07-27 09:40:52,368.35,1479.99,306.4
2021-07-27 09:40:53,368.14,1479.99,306.4
2021-07-27 09:40:54,368.21,1495.28,306.4
2021-07-27 09:40:55,368.35,1486.62,306.4
2021-07-27 09:40:56,367.91,1486.62,306.4
2021-07-27 09:40:57,368.76,1493.03,306.4
2021-07-27 09:40:58,367.75,1606.15,306.4
2021-07-27 09:40:59,367.93,1676.93,306.4
2021-07-27 09:41:00,368.12,1676.93,306.4
2021-07-27 09:41:01,368.84,1676.49,306.4
2021-07-27 09:41:02,368.1,1676.88,306.4
2021-07-27 09:41:03,367.53,1676.88,306.4
2021-07-27 09:41:04,368.71,1677.94,306.4
2021-07-27 09:41:05,368.74,1676.25,306.15
2021-07-27 09:41:06,369.45,1678.08,306.15
2021-07-27 09:41:07,371.06,1678.08,306.15
2021-07-27 09:41:08,372.25,1676.64,306.15
2021-07-27 09:41:19,377.69,1666.22,306.15
2021-07-27 09:41:20,370.53,1666.22,306.15
2021-07-27 09:41:21,370.41,1668.1,306.15
2021-07-27 09:41:22,376.23,1668.17,306.15
2021-07-27 09:41:23,383.3,1667.86,306.15
2021-07-27 09:41:24,386.59,1667.86,306.15
2021-07-27 09:41:25,386.71,1670.03,306.15
2021-07-27 09:41:26,386.21,1669.91,306.15
2021-07-27 09:41:27,385.72,1669.91,306.15
2021-07-27 09:41:28,384.89,1670.02,306.15
2021-07-27 09:41:29,384.88,1668.91,306.15
2021-07-27 09:41:30,384.87,1669.58,306.15
2021-07-27 09:41:31,384.73,1669.58,306.15
2021-07-27 09:41:32,384.66,1668.39,306.15
2021-07-27 09:41:33,384.72,1669.75,306.15
2021-07-27 09:41:34,384.85,1669.75,306.15
2021-07-27 09:41:35,384.37,1668.94,306.15
2021-07-27 09:41:36,384.95,1669.6,306.15
2021-07-27 09:41:37,385.06,1663.48,306.15
2021-07-27 09:41:38,385.5,1663.48,306.15
2021-07-27 09:41:39,385.03,1571.38,306.15
2021-07-27 09:41:40,384.92,1491.61,306.15
2021-07-27 09:41:41,385.36,1484.78,306.15
2021-07-27 09:41:42,385.55,1484.78,306.15
2021-07-27 09:41:43,384.96,1485.72,306.15
2021-07-27 09:41:44,384.86,1486.97,306.15
2021-07-27 09:41:45,384.83,1486.97,306.15
2021-07-27 09:41:46,384.02,1485.64,306.15
2021-07-27 09:41:47,384.12,1485.77,306.15
2021-07-27 09:41:48,384.24,1485.75,306.15
2021-07-27 09:41:49,383.67,1485.75,306.15
2021-07-27 09:41:50,383.17,1485.94,306.15
2021-07-27 09:41:51,383.39,1485.73,306.15
2021-07-27 09:41:52,382.95,1485.73,306.15
2021-07-27 09:41:53,383.32,1486.72,306.15
2021-07-27 09:41:54,382.11,1485.82,306.15
2021-07-27 09:41:55,382.37,1486.12,306.15
2021-07-27 09:41:56,382.01,1486.12,306.15
2021-07-27 09:41:57,382.29,1486.98,306.15
2021-07-27 09:41:58,381.95,1487.65,306.15
2021-07-27 09:41:59,381.68,1487.09,306.15
2021-07-27 09:42:00,381.38,1487.09,306.15
2021-07-27 09:42:01,381.43,1488.31,306.15
2021-07-27 09:42:02,381.62,1486.85,306.15
2021-07-27 09:42:03,380.8,1486.85,306.15
2021-07-27 09:42:04,380.57,1486.83,306.15
2021-07-27 09:42:05,379.92,1487.01,306.15
2021-07-27 09:42:06,379.56,1486.58,306.15
2021-07-27 09:42:07,379.97,1486.58,306.15
2021-07-27 09:42:08,379.7,1486.53,306.15
2021-07-27 09:42:09,379.37,1487.41,306.15
2021-07-27 09:42:10,378.93,1487.41,306.15
2021-07-27 09:42:11,379.3,1486.74,306.15
2021-07-27 09:42:12,379.05,1487.29,306.15
2021-07-27 09:42:13,378.15,1487.3,306.15
2021-07-27 09:42:14,378.18,1487.3,306.15
2021-07-27 09:42:15,378.27,1486.59,306.15
2021-07-27 09:42:16,377.8,1487.5,306.15
2021-07-27 09:42:17,377.76,1486.76,306.15
2021-07-27 09:42:18,377.42,1486.76,306.15
2021-07-27 09:42:19,377.25,1486.51,306.15
2021-07-27 09:42:20,377.34,1487.13,306.15
2021-07-27 09:42:21,377.19,1487.13,306.15
2021-07-27 09:42:22,376.84,1487.67,306.15
2021-07-27 09:42:23,376.46,1487.43,306.15
2021-07-27 09:42:24,376.01,1486.99,306.15
2021-07-27 09:42:25,376.06,1486.99,306.15
2021-07-27 09:42:26,375.53,1487.23,306.15
2021-07-27 09:42:27,375.61,1487.07,306.15
2021-07-27 09:42:28,375.51,1487.07,306.15
2021-07-27 09:42:29,374.86,1488.22,306.15
2021-07-27 09:42:30,375.52,1487.66,306.15
2021-07-27 09:42:31,374.68,1488.17,306.15
2021-07-27 09:42:32,374.76,1488.17,306.15
2021-07-27 09:42:33,374.96,1487.57,306.15
2021-07-27 09:42:34,374.71,1487.75,306.15
2021-07-27 09:42:35,374.65,1489.01,306.15
2021-07-27 09:42:36,374.43,1489.01,306.15
2021-07-27 09:42:37,373.76,1488.68,306.15
2021-07-27 09:42:38,373.71,1488.78,306.15
2021-07-27 09:42:39,373.74,1488.78,306.15
2021-07-27 09:42:40,373.4,1488.43,306.15
2021-07-27 09:42:41,373.08,1488.33,306.15
2021-07-27 09:42:42,373.24,1488.75,306.15
2021-07-27 09:42:43,372.73,1488.75,306.15
2021-07-27 09:42:44,373.1,1488.55,306.15
2021-07-27 09:42:45,372.67,1488.96,306.15
2021-07-27 09:42:46,372.54,1488.96,306.15
2021-07-27 09:42:47,372.65,1489.51,306.15
2021-07-27 09:42:48,372.65,1489.46,306.15
2021-07-27 09:42:49,371.85,1489.76,306.15
2021-07-27 09:42:50,371.93,1489.76,306.15
2021-07-27 09:42:51,371.94,1489.25,306.15
2021-07-27 09:42:52,371.73,1489.14,306.15
2021-07-27 09:42:53,371.8,1488.37,306.15
2021-07-27 09:42:54,371.35,1488.37,306.15
2021-07-27 09:42:55,371.64,1489.74,306.15
2021-07-27 09:42:56,371.02,1488.13,306.15
2021-07-27 09:42:57,371.49,1488.13,306.4
2021-07-27 09:42:58,371.05,1489.52,306.4
2021-07-27 09:42:59,370.48,1506.53,306.4
2021-07-27 09:43:00,370.94,1512.56,306.4
2021-07-27 09:43:01,371.41,1512.56,306.4
2021-07-27 09:43:02,370.77,1507.3,306.4
2021-07-27 09:43:03,370.69,1508.51,306.4
2021-07-27 09:43:04,370.44,1508.51,306.4
2021-07-27 09:43:05,370.44,1511.44,306.4
2021-07-27 09:43:06,369.91,1514.2,306.4
2021-07-27 09:43:07,369.65,1513.96,306.4
2021-07-27 09:43:08,369.52,1513.96,306.4
2021-07-27 09:43:09,369.93,1512.76,306.4
2021-07-27 09:43:10,369.62,1511.82,306.4
2021-07-27 09:43:11,369.54,1509.63,306.4
2021-07-27 09:43:12,369.37,1509.63,306.4
2021-07-27 09:43:13,369.24,1510.15,306.4
2021-07-27 09:43:14,369.16,1508.22,306.4
2021-07-27 09:43:15,368.98,1508.22,306.4
2021-07-27 09:43:16,369.15,1509.98,306.4
2021-07-27 09:43:17,368.64,1508.59,306.4
2021-07-27 09:43:18,368.68,1508.89,306.4
2021-07-27 09:43:19,368.65,1508.89,306.4
2021-07-27 09:43:20,368.3,1509.93,306.4
2021-07-27 09:43:21,368.44,1508.35,306.4
2021-07-27 09:43:22,368.21,1508.35,306.4
2021-07-27 09:43:23,368.58,1507.07,306.4
2021-07-27 09:43:24,368.04,1507.5,306.4
2021-07-27 09:43:25,368.32,1506.29,306.4
2021-07-27 09:43:26,368.33,1506.29,306.4
2021-07-27 09:43:27,367.38,1507.91,306.4
2021-07-27 09:43:28,367.91,1509.03,306.4
2021-07-27 09:43:29,367.43,1508.89,306.4
2021-07-27 09:43:30,367.1,1508.89,306.4
2021-07-27 09:43:31,367.23,1508.63,306.4
2021-07-27 09:43:32,367.19,1508.62,306.4
2021-07-27 09:43:33,367.14,1508.62,306.4
2021-07-27 09:43:34,367.08,1507.55,306.4
2021-07-27 09:43:35,366.68,1508.92,306.4
2021-07-27 09:43:36,366.79,1507.82,306.4
2021-07-27 09:43:37,366.57,1507.82,306.4
2021-07-27 09:43:38,366.68,1508.3,306.4
2021-07-27 09:43:39,366.56,1508.49,306.4
2021-07-27 09:43:40,366.09,1508.1,306.4
2021-07-27 09:43:41,366.34,1508.1,306.4
2021-07-27 09:43:42,365.87,1509.49,306.4
2021-07-27 09:43:43,365.83,1508.97,306.4
2021-07-27 09:43:44,366.13,1508.97,306.4
2021-07-27 09:43:45,365.45,1509.78,306.4
2021-07-27 09:43:46,366.19,1495.8,306.4
2021-07-27 09:43:47,365.61,1496.43,306.4
2021-07-27 09:44:48,369.47,1029.22,306.65
2021-07-27 09:44:49,362.52,1030.23,306.65
2021-07-27 09:44:50,361.35,1030.23,306.65
2021-07-27 09:44:51,364.85,1029.53,306.65
2021-07-27 09:44:52,376.01,1030.68,306.65
2021-07-27 09:44:53,382.25,1030.68,306.65
2021-07-27 09:44:54,381.29,1030.13,306.65
2021-07-27 09:44:55,381.05,1029.7,306.65
2021-07-27 09:44:56,381.83,1031.3,306.65
2021-07-27 09:44:57,381.33,1031.3,306.65
2021-07-27 09:44:58,381.28,1033.18,306.65
2021-07-27 09:44:59,381.39,1032.36,306.65
2021-07-27 09:45:00,381.19,1032.76,306.65
2021-07-27 09:45:01,381.6,1032.76,306.65
2021-07-27 09:45:02,381.7,1032.7,306.65
2021-07-27 09:45:03,381.78,1033.06,306.65
2021-07-27 09:45:04,382.05,1033.06,306.65
2021-07-27 09:45:05,382.04,1032.47,306.65
2021-07-27 09:45:06,382.08,1033.75,306.65
2021-07-27 09:45:07,381.95,1034.13,306.65
2021-07-27 09:45:08,382.32,1034.13,306.65
2021-07-27 09:45:09,382.33,1033.65,306.65
2021-07-27 09:45:10,381.97,1014.06,306.65
2021-07-27 09:45:11,382.38,1014.06,306.65
2021-07-27 09:45:12,382.16,885.49,306.65
2021-07-27 09:45:13,382.86,884.11,306.65
2021-07-27 09:45:14,383.42,885.06,306.65
2021-07-27 09:45:15,383.0,885.06,306.65
2021-07-27 09:45:16,383.87,884.99,306.65
2021-07-27 09:45:17,384.27,884.91,306.65
2021-07-27 09:45:18,383.58,884.72,306.65
2021-07-27 09:45:19,383.65,884.72,306.65
2021-07-27 09:45:20,383.49,884.7,306.65
2021-07-27 09:45:21,383.31,884.26,306.65
2021-07-27 09:45:22,383.18,884.26,306.65
2021-07-27 09:45:23,383.41,884.62,306.4
2021-07-27 09:45:24,383.28,885.16,306.4
2021-07-27 09:45:25,383.44,885.24,306.4
2021-07-27 09:45:26,383.83,885.24,306.4
2021-07-27 09:45:27,383.3,885.43,306.4
2021-07-27 09:45:28,383.35,885.09,306.4
2021-07-27 09:45:29,383.77,885.09,306.4
2021-07-27 09:45:30,383.57,884.96,306.4
2021-07-27 09:45:31,383.4,885.47,306.4
2021-07-27 09:45:32,383.57,885.4,306.4
2021-07-27 09:45:33,384.05,885.4,306.4
2021-07-27 09:45:34,384.05,885.36,306.4
2021-07-27 09:45:35,384.22,885.55,306.4
2021-07-27 09:45:36,384.15,885.55,306.4
2021-07-27 09:45:37,384.67,885.21,306.4
2021-07-27 09:45:38,384.28,885.35,306.4
2021-07-27 09:45:39,384.84,885.33,306.4
2021-07-27 09:45:40,384.73,885.33,306.4
2021-07-27 09:45:41,384.81,885.22,306.4
2021-07-27 09:45:42,384.84,885.4,306.4
2021-07-27 09:45:43,384.38,885.35,306.4
2021-07-27 09:45:44,385.04,885.35,306.4
2021-07-27 09:45:45,385.26,885.04,306.4
2021-07-27 09:45:46,385.1,884.9,306.4
2021-07-27 09:45:47,385.5,884.9,306.4
2021-07-27 09:45:48,385.34,884.85,306.4
2021-07-27 09:45:49,385.36,884.99,306.4
2021-07-27 09:45:50,385.99,885.0,306.4
2021-07-27 09:45:51,385.93,885.0,306.4
2021-07-27 09:45:52,385.6,884.74,306.4
2021-07-27 09:45:53,385.65,885.03,306.4
2021-07-27 09:45:54,385.55,885.03,306.4
2021-07-27 09:45:55,386.13,884.97,306.4
2021-07-27 09:45:56,386.55,884.59,306.4
2021-07-27 09:45:57,386.74,884.73,306.4
2021-07-27 09:45:58,386.19,884.73,306.4
2021-07-27 09:45:59,386.5,884.95,306.4
2021-07-27 09:46:00,386.74,884.82,306.4
2021-07-27 09:46:01,387.25,884.82,306.4
2021-07-27 09:46:02,387.16,884.87,306.4
2021-07-27 09:46:03,386.77,884.74,306.4
2021-07-27 09:46:04,386.97,884.77,306.4
2021-07-27 09:46:05,386.96,884.77,306.4
2021-07-27 09:46:06,387.41,885.05,306.4
2021-07-27 09:46:07,387.55,885.15,306.4
2021-07-27 09:46:08,387.53,885.06,306.4
2021-07-27 09:46:09,387.98,885.06,306.4
2021-07-27 09:46:10,387.93,885.18,306.4
2021-07-27 09:46:11,387.76,885.14,306.4
2021-07-27 09:46:12,388.15,885.14,306.4
2021-07-27 09:46:13,388.58,884.98,306.4
2021-07-27 09:46:14,388.39,884.78,306.4
2021-07-27 09:46:15,388.33,884.71,306.4
2021-07-27 09:46:16,388.44,884.71,306.4
2021-07-27 09:46:17,388.79,884.74,306.4
2021-07-27 09:46:18,388.67,884.75,306.4
2021-07-27 09:46:19,388.78,884.75,306.4
2021-07-27 09:46:20,389.15,884.85,306.4
2021-07-27 09:46:21,389.36,885.15,306.4
2021-07-27 09:46:22,389.67,884.95,306.4
2021-07-27 09:46:23,389.7,884.95,306.4
2021-07-27 09:46:24,389.61,884.98,306.4
2021-07-27 09:46:25,389.48,885.17,306.4
2021-07-27 09:46:26,389.97,885.4,306.4
2021-07-27 09:46:27,390.26,885.4,306.4
2021-07-27 09:46:28,390.58,885.09,306.4
2021-07-27 09:46:29,390.11,885.69,306.4
2021-07-27 09:46:30,390.55,885.69,306.4
2021-07-27 09:46:31,390.02,885.36,306.4
2021-07-27 09:46:32,390.81,885.43,306.4
2021-07-27 09:46:33,390.85,885.19,306.4
2021-07-27 09:46:34,390.45,885.19,306.4
2021-07-27 09:46:35,390.85,892.1,306.4
2021-07-27 09:46:36,391.76,886.71,306.4
2021-07-27 09:46:37,391.65,886.71,306.4
2021-07-27 09:46:38,391.18,892.29,306.4
2021-07-27 09:46:39,391.26,893.19,306.4
2021-07-27 09:46:40,391.29,891.5,306.4
2021-07-27 09:46:41,391.62,891.5,306.4
2021-07-27 09:46:42,391.89,891.09,306.4
2021-07-27 09:46:43,392.56,891.58,306.4
2021-07-27 09:46:44,391.98,892.62,306.4
2021-07-27 09:46:45,392.7,892.62,306.4
2021-07-27 09:46:46,392.18,891.94,306.4
2021-07-27 09:46:47,392.86,891.78,306.4
2021-07-27 09:46:48,392.77,891.78,306.4
2021-07-27 09:46:49,392.59,892.07,306.4
2021-07-27 09:46:50,392.78,891.71,306.4
2021-07-27 09:46:51,393.15,891.59,306.4
2021-07-27 09:46:52,393.11,891.59,306.4
2021-07-27 09:46:53,393.19,891.87,306.4
2021-07-27 09:46:54,393.14,891.71,306.4
2021-07-27 09:46:55,393.85,891.71,306.4
2021-07-27 09:46:56,393.7,891.58,306.4
2021-07-27 09:46:57,394.16,892.02,306.4
2021-07-27 09:46:58,393.78,892.85,306.4
2021-07-27 09:46:59,394.45,892.85,306.4
2021-07-27 09:47:00,393.96,893.47,306.4
2021-07-27 09:47:01,394.53,892.98,306.4
2021-07-27 09:47:02,394.39,892.98,306.4
2021-07-27 09:47:03,394.72,893.33,306.4
2021-07-27 09:47:04,394.71,892.8,306.4
2021-07-27 09:47:05,394.94,892.68,306.4
2021-07-27 09:47:06,395.25,892.68,306.4
2021-07-27 09:47:07,395.04,892.05,306.4
2021-07-27 09:47:08,395.24,891.62,306.4
2021-07-27 09:47:09,396.05,891.56,306.4
2021-07-27 09:47:10,395.41,891.56,306.4
2021-07-27 09:47:11,396.21,891.37,306.4
2021-07-27 09:47:12,396.09,891.14,306.4
2021-07-27 09:47:13,396.23,891.14,306.4
2021-07-27 09:47:14,396.16,891.41,306.4
2021-07-27 09:47:15,396.78,886.51,306.4
2021-07-27 09:47:16,396.93,888.38,306.4
2021-07-27 09:48:43,398.9,508.74,306.4
2021-07-27 09:48:44,391.96,508.74,306.4
2021-07-27 09:48:45,395.17,508.85,306.4
2021-07-27 09:48:46,399.53,509.18,306.4
2021-07-27 09:48:47,406.76,507.67,306.4
2021-07-27 09:48:48,406.2,507.67,306.4
2021-07-27 09:48:49,405.51,507.46,306.4
2021-07-27 09:48:50,404.33,507.34,306.4
2021-07-27 09:48:51,403.63,507.34,306.4
2021-07-27 09:48:52,403.17,507.38,306.4
2021-07-27 09:48:53,402.51,507.62,306.4
2021-07-27 09:48:54,401.92,507.74,306.4
2021-07-27 09:48:55,400.95,507.74,306.4
2021-07-27 09:48:56,401.29,508.19,306.4
2021-07-27 09:48:57,400.38,508.05,306.4
2021-07-27 09:48:58,400.43,508.05,306.4
2021-07-27 09:48:59,400.87,508.72,306.4
2021-07-27 09:49:00,401.09,507.6,306.4
2021-07-27 09:49:01,400.97,507.64,306.4
2021-07-27 09:49:02,401.11,507.64,306.4
2021-07-27 09:49:03,401.24,508.28,306.4
2021-07-27 09:49:04,401.27,506.32,306.4
2021-07-27 09:49:05,401.07,506.32,306.4
2021-07-27 09:49:06,400.3,507.85,306.4
2021-07-27 09:49:07,400.34,500.97,306.4
2021-07-27 09:49:08,400.84,479.07,306.4
2021-07-27 09:49:09,400.43,479.07,
2021-07-27 09:49:10,401.02,478.43,
2021-07-27 09:49:11,400.42,478.62,
2021-07-27 09:49:12,400.71,478.62,
2021-07-27 09:49:13,401.08,478.58,
2021-07-27 09:49:14,400.57,479.78,
2021-07-27 09:49:15,401.28,498.03,
2021-07-27 09:49:16,401.78,498.03,
2021-07-27 09:49:17,401.74,416.12,306.15
2021-07-27 09:49:18,402.08,420.05,
2021-07-27 09:49:19,402.49,420.05,
2021-07-27 09:49:20,402.76,402.52,
2021-07-27 09:49:21,402.75,406.27,
2021-07-27 09:49:22,403.03,404.51,
2021-07-27 09:49:23,403.0,404.51,
2021-07-27 09:49:24,403.5,405.64,
2021-07-27 09:49:25,403.39,406.62,
2021-07-27 09:49:26,403.75,406.62,
2021-07-27 09:49:27,404.29,405.14,
2021-07-27 09:49:28,404.37,407.93,
2021-07-27 09:49:29,404.15,407.93,
2021-07-27 09:49:30,404.43,413.34,
2021-07-27 09:49:31,404.62,416.37,
2021-07-27 09:49:32,404.84,414.62,
2021-07-27 09:49:33,404.67,414.62,
2021-07-27 09:49:34,405.07,413.43,
2021-07-27 09:49:35,405.35,558.35,
2021-07-27 09:49:36,405.28,558.35,
2021-07-27 09:49:37,405.63,575.2,
2021-07-27 09:49:38,406.59,566.08,
2021-07-27 09:49:39,407.07,566.08,305.9
2021-07-27 09:49:40,406.53,562.14,
2021-07-27 09:49:41,406.98,559.99,
2021-07-27 09:49:42,407.61,557.76,
2021-07-27 09:49:43,407.19,557.76,
2021-07-27 09:49:44,407.6,561.17,
2021-07-27 09:49:45,407.97,560.66,
2021-07-27 09:49:46,407.99,560.66,
2021-07-27 09:49:47,408.29,554.57,
2021-07-27 09:49:48,408.59,568.2,
2021-07-27 09:49:49,408.9,564.8,
2021-07-27 09:49:50,409.25,564.8,
2021-07-27 09:49:51,409.12,469.17,
2021-07-27 09:49:52,409.62,448.13,
2021-07-27 09:49:53,410.64,448.13,
2021-07-27 09:49:54,410.03,576.38,
2021-07-27 09:49:55,410.23,578.81,
2021-07-27 09:49:56,410.76,578.81,
2021-07-27 09:49:57,411.13,581.28,
2021-07-27 09:49:58,411.21,578.59,
2021-07-27 09:49:59,410.68,574.75,
2021-07-27 09:50:00,411.9,574.75,
2021-07-27 09:50:01,411.6,544.71,
2021-07-27 09:50:02,412.19,568.37,
2021-07-27 09:50:03,412.22,568.37,
2021-07-27 09:50:04,412.48,573.58,
2021-07-27 09:50:05,412.41,577.75,
2021-07-27 09:50:06,412.79,580.85,
2021-07-27 09:50:07,413.28,580.85,
2021-07-27 09:50:08,413.44,581.62,
2021-07-27 09:50:09,414.37,581.94,
2021-07-27 09:50:10,414.03,581.94,
2021-07-27 09:50:11,414.67,581.99,
2021-07-27 09:50:12,414.13,581.14,
2021-07-27 09:50:13,414.95,581.14,
2021-07-27 09:50:14,415.74,581.26,
2021-07-27 09:50:15,415.82,581.96,
2021-07-27 09:50:16,416.18,581.18,
2021-07-27 09:50:17,416.24,581.18,
2021-07-27 09:50:18,416.07,581.42,
2021-07-27 09:50:19,416.37,581.63,
2021-07-27 09:50:20,417.4,581.63,
2021-07-27 09:50:21,416.52,581.36,
2021-07-27 09:50:22,417.17,581.52,
2021-07-27 09:50:23,417.61,581.31,
2021-07-27 09:50:24,418.26,581.31,
2021-07-27 09:50:25,418.48,581.15,
2021-07-27 09:50:26,419.32,581.22,
2021-07-27 09:50:27,419.01,581.22,
2021-07-27 09:50:28,418.93,581.47,
2021-07-27 09:50:29,419.25,543.03,
2021-07-27 09:50:30,420.13,543.03,
2021-07-27 09:50:31,420.14,522.53,
2021-07-27 09:50:32,420.49,556.1,
2021-07-27 09:50:33,420.59,564.6,
2021-07-27 09:50:34,420.58,564.6,
2021-07-27 09:50:35,421.3,563.8,
2021-07-27 09:50:36,421.59,563.9,
2021-07-27 09:50:37,421.74,563.9,
2021-07-27 09:50:38,422.35,562.56,
2021-07-27 09:50:39,422.14,425.98,
2021-07-27 09:50:40,422.87,465.28,
2021-07-27 09:50:41,422.62,465.28,
2021-07-27 09:50:42,423.13,450.73,
2021-07-27 09:50:43,423.71,453.86,
2021-07-27 09:50:44,423.58,453.86,
2021-07-27 09:50:45,423.97,486.85,
2021-07-27 09:50:46,423.38,493.6,
2021-07-27 09:50:47,424.6,493.6,
2021-07-27 09:50:48,425.39,496.08,
2021-07-27 09:50:49,425.29,498.15,
2021-07-27 09:50:50,425.32,516.52,
2021-07-27 09:50:51,425.46,516.52,
2021-07-27 09:50:52,426.1,516.53,
2021-07-27 09:50:53,427.32,516.88,
2021-07-27 09:50:54,427.2,516.88,
2021-07-27 09:50:55,427.38,517.97,
2021-07-27 09:50:56,427.58,517.93,
2021-07-27 09:50:57,428.85,517.42,
2021-07-27 09:50:58,428.17,517.42,
2021-07-27 09:50:59,428.74,515.89,
2021-07-27 09:51:00,429.27,517.36,
2021-07-27 09:51:01,429.22,517.36,
2021-07-27 09:51:02,429.34,505.68,
2021-07-27 09:51:03,430.62,530.31,
2021-07-27 09:51:04,430.87,529.65,
2021-07-27 09:51:05,430.71,529.65,
2021-07-27 09:51:06,431.15,529.4,
2021-07-27 09:51:07,431.57,527.8,
2021-07-27 09:51:08,432.28,527.8,
2021-07-27 09:51:09,432.56,526.86,
2021-07-27 09:51:10,433.3,506.87,
2021-07-27 09:51:11,433.19,506.87,
2021-07-27 09:51:12,433.36,506.72,
2021-07-27 09:51:13,433.75,463.25,
2021-07-27 09:51:14,434.42,475.31,
2021-07-27 09:51:15,434.5,475.31,
2021-07-27 09:51:16,435.65,454.12,
2021-07-27 09:51:17,435.83,563.4,
2021-07-27 09:51:18,435.97,563.4,
2021-07-27 09:51:19,436.18,281.58,
2021-07-27 09:51:20,437.25,474.59,
2021-07-27 09:51:21,437.44,474.59,
2021-07-27 09:51:22,437.4,402.23,
2021-07-27 09:51:23,437.92,378.16,
2021-07-27 09:51:24,438.14,373.15,
2021-07-27 09:51:25,438.84,373.15,
2021-07-27 09:51:26,438.84,359.42,
2021-07-27 09:51:27,439.06,352.15,
2021-07-27 09:51:28,439.44,358.8,
2021-07-27 09:51:29,439.04,358.8,
2021-07-27 09:51:30,439.31,356.79,
2021-07-27 09:51:31,439.12,359.28,
2021-07-27 09:51:32,440.07,359.28,
2021-07-27 09:51:33,440.99,363.05,
2021-07-27 09:51:34,440.85,361.91,
2021-07-27 09:51:35,440.87,361.91,
2021-07-27 09:51:36,440.98,354.7,
2021-07-27 09:51:37,440.9,350.07,
2021-07-27 09:51:38,441.41,350.07,
2021-07-27 09:51:39,439.54,345.0,
2021-07-27 09:51:40,441.18,345.52,
2021-07-27 09:51:41,441.37,348.46,
2021-07-27 09:51:42,441.56,348.46,
2021-07-27 09:51:43,441.82,347.29,
2021-07-27 09:51:44,442.08,344.04,
2021-07-27 09:51:45,442.34,344.04,
2021-07-27 09:51:46,442.7,343.59,
2021-07-27 09:51:47,442.06,343.53,
2021-07-27 09:51:48,442.49,343.02,
2021-07-27 09:51:49,442.67,343.02,
2021-07-27 09:51:50,442.89,342.95,
2021-07-27 09:51:51,443.03,345.03,
2021-07-27 09:51:52,443.28,345.03,
2021-07-27 09:51:53,443.99,347.57,
2021-07-27 09:51:54,444.37,347.61,
2021-07-27 09:51:55,442.61,347.61,
2021-07-27 09:51:56,444.11,347.89,
2021-07-27 09:51:57,444.03,347.36,
2021-07-27 09:51:58,444.37,347.36,
2021-07-27 09:51:59,443.87,347.05,
2021-07-27 09:52:00,444.51,345.3,
2021-07-27 09:52:01,444.72,344.98,
2021-07-27 09:52:02,445.35,344.98,
2021-07-27 09:52:03,444.96,349.77,
2021-07-27 09:52:04,445.0,345.98,
2021-07-27 09:52:05,445.13,345.98,
2021-07-27 09:52:06,445.47,346.95,
2021-07-27 09:52:07,445.56,348.37,
2021-07-27 09:52:08,446.24,347.99,305.15
2021-07-27 09:52:09,445.86,347.99,305.15
2021-07-27 09:52:10,446.74,348.21,305.15
2021-07-27 09:52:11,446.11,347.93,305.15
2021-07-27 09:52:12,445.5,347.93,305.15
2021-07-27 09:52:13,445.6,348.71,305.15
2021-07-27 09:52:14,447.42,349.29,305.15
2021-07-27 09:52:15,447.4,348.7,305.15
2021-07-27 09:52:16,447.4,348.7,305.15
2021-07-27 09:52:17,447.46,349.19,305.15
2021-07-27 09:52:18,446.88,348.36,305.15
2021-07-27 09:52:19,447.0,348.49,305.15
2021-07-27 09:52:20,448.18,348.49,305.15
2021-07-27 09:52:21,448.52,349.21,305.15
2021-07-27 09:52:22,448.31,349.68,305.15
2021-07-27 09:52:23,448.74,349.68,305.15
2021-07-27 09:52:24,449.03,348.99,305.15
2021-07-27 09:52:25,448.48,348.51,305.15
2021-07-27 09:52:26,448.67,347.15,305.15
2021-07-27 09:52:27,448.98,347.15,305.15
2021-07-27 09:52:28,449.13,349.72,305.15
2021-07-27 09:52:29,448.75,350.13,305.15
2021-07-27 09:52:30,449.51,350.13,305.15
2021-07-27 09:52:31,448.85,350.63,305.15
2021-07-27 09:52:32,449.66,351.73,305.15
2021-07-27 09:52:33,449.9,351.8,305.15
2021-07-27 09:52:34,450.06,351.8,305.15
2021-07-27 09:52:35,449.79,479.93,305.15
2021-07-27 09:52:36,450.09,424.38,305.15
2021-07-27 09:52:37,450.26,424.12,305.15
2021-07-27 09:52:38,450.34,424.12,305.15
2021-07-27 09:52:39,450.01,436.75,305.15
2021-07-27 09:52:40,449.96,440.44,305.15
2021-07-27 09:52:41,450.62,440.44,305.15
2021-07-27 09:52:42,450.71,437.18,305.15
2021-07-27 09:52:43,450.78,437.71,305.15
2021-07-27 09:52:44,450.81,437.98,305.15
2021-07-27 09:52:45,451.0,437.98,305.15
2021-07-27 09:52:46,450.96,453.69,305.15
2021-07-27 09:53:00,455.57,520.48,305.15
2021-07-27 09:53:01,446.37,523.58,305.15
2021-07-27 09:53:02,447.09,520.64,305.15
2021-07-27 09:53:03,452.45,520.64,305.03
2021-07-27 09:53:04,434.68,519.54,305.03
2021-07-27 09:53:05,430.54,520.92,305.03
2021-07-27 09:53:06,427.71,520.92,305.03
2021-07-27 09:53:07,425.45,521.04,305.03
2021-07-27 09:53:08,422.53,524.52,305.03
2021-07-27 09:53:09,419.37,523.54,305.03
2021-07-27 09:53:10,416.84,523.54,305.03
2021-07-27 09:53:11,417.46,523.32,305.03
2021-07-27 09:53:12,413.22,523.29,305.03
2021-07-27 09:53:13,412.76,523.29,305.03
2021-07-27 09:53:14,410.86,521.39,305.03
2021-07-27 09:53:15,409.62,521.28,305.03
2021-07-27 09:53:16,409.84,521.01,305.03
2021-07-27 09:53:17,408.85,521.01,305.03
2021-07-27 09:53:18,406.35,522.18,305.03
2021-07-27 09:53:19,404.11,520.26,305.03
2021-07-27 09:53:20,404.54,494.28,305.03
2021-07-27 09:53:21,404.25,494.28,305.03
2021-07-27 09:53:22,402.99,433.07,305.03
2021-07-27 09:53:23,403.16,455.02,305.03
2021-07-27 09:53:24,402.3,455.02,305.03
2021-07-27 09:53:25,401.19,455.79,305.03
2021-07-27 09:53:26,401.11,456.33,305.03
2021-07-27 09:53:27,401.28,456.67,305.03
2021-07-27 09:53:28,400.17,456.67,305.03
2021-07-27 09:53:29,400.5,456.95,305.03
2021-07-27 09:53:30,400.5,457.22,305.03
2021-07-27 09:53:31,399.26,457.22,305.03
2021-07-27 09:53:32,399.84,457.17,305.03
2021-07-27 09:53:33,400.1,457.32,305.03
2021-07-27 09:53:34,400.12,457.44,305.03
2021-07-27 09:53:35,400.25,457.44,305.03
2021-07-27 09:53:36,399.86,457.39,305.03
2021-07-27 09:53:37,399.71,457.56,305.03
2021-07-27 09:53:38,400.04,457.59,305.03
2021-07-27 09:53:39,399.85,457.59,305.03
2021-07-27 09:53:40,400.05,457.69,305.03
2021-07-27 09:53:41,400.0,457.67,305.03
2021-07-27 09:53:42,400.19,457.67,305.03
2021-07-27 09:53:43,400.11,457.75,305.03
2021-07-27 09:53:44,400.75,457.86,305.03
2021-07-27 09:53:45,400.56,457.65,305.03
2021-07-27 09:53:46,400.46,457.65,305.03
2021-07-27 09:53:47,400.86,457.75,305.03
2021-07-27 09:53:48,401.13,457.76,305.03
2021-07-27 09:53:49,401.53,457.76,305.03
2021-07-27 09:53:50,400.98,457.79,305.03
2021-07-27 09:53:51,401.66,458.12,305.03
2021-07-27 09:53:52,401.81,458.03,305.03
2021-07-27 09:53:53,401.71,458.03,305.03
2021-07-27 09:53:54,402.07,458.03,305.03
2021-07-27 09:53:55,402.35,457.85,305.03
2021-07-27 09:53:56,402.46,461.09,305.03
2021-07-27 09:53:57,402.61,461.09,305.03
2021-07-27 09:53:58,402.78,459.96,305.03
2021-07-27 09:53:59,403.46,461.77,305.03
2021-07-27 09:54:00,403.4,461.77,305.03
2021-07-27 09:54:01,402.82,461.61,305.03
2021-07-27 09:54:02,403.18,461.96,305.03
2021-07-27 09:54:03,403.83,461.74,305.03
2021-07-27 09:54:04,403.66,461.74,305.03
2021-07-27 09:54:05,403.91,461.54,305.03
2021-07-27 09:54:06,404.21,461.35,305.03
2021-07-27 09:54:07,404.51,461.35,305.03
2021-07-27 09:54:08,404.49,461.68,305.03
2021-07-27 09:54:09,404.3,461.19,305.03
2021-07-27 09:54:10,404.62,461.58,305.03
2021-07-27 09:54:11,405.07,461.58,305.03
2021-07-27 09:54:12,405.49,462.37,305.03
2021-07-27 09:54:13,405.29,462.72,305.03
2021-07-27 09:54:14,405.32,462.56,305.03
2021-07-27 09:54:15,405.82,462.56,305.03
2021-07-27 09:54:16,406.18,462.19,305.03
2021-07-27 09:54:17,406.51,462.38,305.03
2021-07-27 09:54:18,405.74,462.38,305.03
2021-07-27 09:54:19,406.26,462.12,305.03
2021-07-27 09:54:20,406.78,462.48,305.03
2021-07-27 09:54:21,407.08,462.68,305.03
2021-07-27 09:54:22,407.4,462.68,305.03
2021-07-27 09:54:23,407.38,462.89,305.03
2021-07-27 09:54:24,407.51,463.36,305.03
2021-07-27 09:54:25,407.62,463.35,305.03
2021-07-27 09:54:26,408.2,463.35,305.03
2021-07-27 09:54:27,407.94,463.34,305.03
2021-07-27 09:54:28,408.11,463.89,305.03
2021-07-27 09:54:29,408.44,463.89,305.03
2021-07-27 09:54:30,408.42,463.35,305.03
2021-07-27 09:54:31,408.67,463.44,305.03
2021-07-27 09:54:32,408.92,463.72,305.03
2021-07-27 09:54:33,409.03,463.72,305.03
2021-07-27 09:54:34,409.29,463.98,305.03
2021-07-27 09:54:35,409.53,463.26,305.03
2021-07-27 09:54:36,408.84,463.26,305.03
2021-07-27 09:54:37,409.69,463.27,305.03
2021-07-27 09:54:38,409.85,464.14,305.03
2021-07-27 09:54:39,410.67,464.06,305.03
2021-07-27 09:54:40,410.07,464.06,305.03
2021-07-27 09:54:41,410.46,463.92,305.03
2021-07-27 09:54:42,410.89,463.37,305.03
2021-07-27 09:54:43,410.8,463.37,305.03
2021-07-27 09:54:44,411.22,462.72,305.03
2021-07-27 09:54:45,411.47,463.07,305.03
2021-07-27 09:54:46,411.75,463.28,305.03
2021-07-27 09:54:47,412.26,463.28,305.03
2021-07-27 09:54:48,411.97,463.41,305.03
2021-07-27 09:54:49,412.01,463.65,305.03
2021-07-27 09:54:50,412.02,463.32,305.03
2021-07-27 09:54:51,412.48,463.32,305.03
2021-07-27 09:54:52,412.69,463.8,305.03
2021-07-27 09:54:53,413.42,463.68,305.03
2021-07-27 09:54:54,413.28,463.68,305.03
2021-07-27 09:54:55,413.43,463.56,305.03
2021-07-27 09:54:56,413.87,463.72,305.03
2021-07-27 09:54:57,414.49,464.11,305.03
2021-07-27 09:54:58,414.28,464.11,305.03
2021-07-27 09:54:59,413.67,463.88,305.03
2021-07-27 09:55:00,414.45,463.73,305.03
2021-07-27 09:55:01,414.97,463.54,305.03
2021-07-27 09:55:02,415.07,463.54,305.03
2021-07-27 09:55:03,414.87,463.79,305.03
2021-07-27 09:55:04,415.61,461.41,305.03
2021-07-27 09:55:05,415.66,461.41,305.03
2021-07-27 09:55:06,415.91,461.46,305.03
2021-07-27 09:55:07,415.82,461.7,305.03
2021-07-27 09:55:08,416.34,459.4,305.03
2021-07-27 09:55:09,416.29,459.4,305.03
2021-07-27 09:55:10,416.56,459.81,305.03
2021-07-27 09:55:11,416.88,459.81,305.03
2021-07-27 09:55:12,416.96,459.81,305.03
2021-07-27 09:55:13,417.53,459.87,305.03
2021-07-27 09:55:14,416.87,460.09,305.03
2021-07-27 09:55:15,417.84,459.81,305.03
2021-07-27 09:55:16,417.64,459.81,305.03
2021-07-27 09:55:17,418.37,461.79,305.03
2021-07-27 09:55:18,417.92,465.64,305.03
2021-07-27 09:55:19,419.03,464.5,305.03
2021-07-27 09:55:20,418.65,464.5,304.9
2021-07-27 09:55:21,418.82,463.57,304.9
2021-07-27 09:55:22,419.64,464.04,304.9
2021-07-27 09:55:23,419.67,464.04,304.9
2021-07-27 09:55:24,419.52,463.79,304.9
2021-07-27 09:55:25,419.88,460.86,304.9
2021-07-27 09:55:26,420.39,461.57,304.9
2021-07-27 09:55:27,420.2,461.57,304.9
2021-07-27 09:57:08,424.48,427.13,304.78
2021-07-27 09:57:09,417.19,427.01,304.78
2021-07-27 09:57:10,416.51,426.78,304.78
2021-07-27 09:57:11,419.73,426.5,304.78
2021-07-27 09:57:12,444.38,426.5,304.78
2021-07-27 09:57:13,455.19,426.71,304.78
2021-07-27 09:57:14,452.3,426.51,304.78
2021-07-27 09:57:15,448.74,425.92,304.78
2021-07-27 09:57:16,448.22,425.92,304.78
2021-07-27 09:57:17,447.49,426.29,304.78
2021-07-27 09:57:18,446.69,426.16,304.78
2021-07-27 09:57:19,445.81,426.16,304.78
2021-07-27 09:57:20,445.43,426.64,304.78
2021-07-27 09:57:21,444.69,425.89,304.78
2021-07-27 09:57:22,443.81,425.85,304.78
2021-07-27 09:57:23,443.42,425.85,304.78
2021-07-27 09:57:24,441.93,425.98,304.78
2021-07-27 09:57:25,441.51,426.17,304.78
2021-07-27 09:57:26,439.18,426.17,304.78
2021-07-27 09:57:27,440.23,425.92,304.78
2021-07-27 09:57:28,438.63,425.44,304.78
2021-07-27 09:57:29,436.48,380.49,304.78
2021-07-27 09:57:30,435.81,380.49,304.78
2021-07-27 09:57:31,435.5,303.58,304.78
2021-07-27 09:57:32,435.64,290.72,304.78
2021-07-27 09:57:33,434.53,292.16,304.78
2021-07-27 09:57:34,432.44,292.16,304.78
2021-07-27 09:57:35,432.71,292.42,304.78
2021-07-27 09:57:36,432.5,291.63,304.78
2021-07-27 09:57:37,432.75,291.63,304.78
2021-07-27 09:57:38,431.31,292.83,304.78
2021-07-27 09:57:39,431.95,291.57,304.78
2021-07-27 09:57:40,431.81,291.29,304.78
2021-07-27 09:57:41,431.79,291.29,304.78
2021-07-27 09:57:42,431.34,291.8,304.78
2021-07-27 09:57:43,432.57,291.23,304.78
2021-07-27 09:57:44,432.71,291.23,304.78
2021-07-27 09:57:45,433.22,292.04,304.78
2021-07-27 09:57:46,433.29,291.47,304.78
2021-07-27 09:57:47,433.71,291.73,304.78
2021-07-27 09:57:48,434.06,291.73,304.78
2021-07-27 09:57:49,434.36,291.54,304.78
2021-07-27 09:57:50,433.95,291.83,304.78
2021-07-27 09:57:51,434.41,291.51,304.78
2021-07-27 09:57:52,436.03,291.51,304.78
2021-07-27 09:57:53,435.17,291.46,304.78
2021-07-27 09:57:54,435.69,291.95,304.78
2021-07-27 09:57:55,436.17,291.95,304.78
2021-07-27 09:57:56,436.68,291.5,304.78
2021-07-27 09:57:57,437.46,291.08,304.78
2021-07-27 09:57:58,437.15,291.39,304.78
2021-07-27 09:57:59,437.37,291.39,304.78
2021-07-27 09:58:00,437.38,290.82,304.78
2021-07-27 09:58:01,438.14,291.55,304.78
2021-07-27 09:58:02,438.93,291.05,304.78
2021-07-27 09:58:03,438.83,291.05,304.78
2021-07-27 09:58:04,439.34,290.84,304.78
2021-07-27 09:58:05,439.09,290.77,304.78
2021-07-27 09:58:06,439.45,290.77,304.78
2021-07-27 09:58:07,440.33,290.9,304.78
2021-07-27 09:58:08,439.96,291.08,304.78
2021-07-27 09:58:09,441.13,290.94,304.78
2021-07-27 09:58:10,441.42,290.94,304.78
2021-07-27 09:58:11,441.22,290.91,304.78
2021-07-27 09:58:12,441.78,290.7,304.65
2021-07-27 09:58:13,442.21,290.7,304.65
2021-07-27 09:58:14,441.98,290.76,304.65
2021-07-27 09:58:15,442.55,290.96,304.65
2021-07-27 09:58:16,443.18,290.5,304.65
2021-07-27 09:58:17,443.52,290.5,304.65
2021-07-27 09:58:18,443.92,291.0,304.65
2021-07-27 09:58:19,443.96,290.67,304.65
2021-07-27 09:58:20,444.58,290.67,304.65
2021-07-27 09:58:21,443.9,291.59,304.65
2021-07-27 09:58:22,444.81,290.65,304.65
2021-07-27 09:58:23,445.38,290.75,304.65
2021-07-27 09:58:24,446.11,290.75,304.65
2021-07-27 09:58:25,446.2,290.76,304.65
2021-07-27 09:58:26,446.29,291.14,304.65
2021-07-27 09:58:27,446.73,290.61,304.65
2021-07-27 09:58:28,446.94,290.61,304.65
2021-07-27 09:58:29,447.68,292.24,304.65
2021-07-27 09:58:30,447.37,290.92,304.65
2021-07-27 09:58:31,448.14,290.92,304.65
2021-07-27 09:58:32,448.68,290.35,304.65
2021-07-27 09:58:33,448.82,290.76,304.65
2021-07-27 09:58:34,448.95,291.35,304.65
2021-07-27 09:58:35,449.36,291.35,304.65
2021-07-27 09:58:36,450.25,290.97,304.65
2021-07-27 09:58:37,449.25,290.75,304.65
2021-07-27 09:58:38,449.87,290.63,304.65
2021-07-27 09:58:39,451.19,290.63,304.65
2021-07-27 09:58:40,451.77,290.39,304.65
2021-07-27 09:58:41,451.53,290.31,304.65
2021-07-27 09:58:42,451.25,290.31,304.65
2021-07-27 09:58:43,451.64,290.35,304.65
2021-07-27 09:58:44,452.01,290.27,304.65
2021-07-27 09:58:45,453.33,290.16,304.65
2021-07-27 09:58:46,453.7,290.16,304.65
2021-07-27 09:58:47,453.64,290.19,304.65
2021-07-27 09:58:48,453.44,290.1,304.65
2021-07-27 09:58:49,454.78,290.1,304.65
2021-07-27 09:58:50,454.3,290.22,304.65
2021-07-27 09:58:51,455.06,290.14,304.65
2021-07-27 09:58:52,455.16,290.06,304.65
2021-07-27 09:58:53,455.67,290.06,304.65
2021-07-27 09:58:54,455.83,290.17,304.65
2021-07-27 09:58:55,456.27,290.33,304.65
2021-07-27 09:58:56,456.88,290.33,304.65
2021-07-27 09:58:57,456.82,290.1,304.65
2021-07-27 09:58:58,457.23,289.95,304.65
2021-07-27 09:58:59,457.61,289.85,304.65
2021-07-27 09:59:00,457.61,289.85,304.65
2021-07-27 09:59:01,458.78,290.0,304.65
2021-07-27 09:59:02,458.56,289.9,304.65
2021-07-27 09:59:03,459.36,289.9,304.65
2021-07-27 09:59:04,459.51,289.9,304.65
2021-07-27 09:59:05,459.71,290.07,304.65
2021-07-27 09:59:06,460.1,289.77,304.65
2021-07-27 09:59:07,460.72,289.77,304.65
2021-07-27 09:59:08,461.21,289.9,304.65
2021-07-27 09:59:09,460.78,289.79,304.65
2021-07-27 09:59:10,461.41,289.96,304.65
2021-07-27 09:59:11,461.79,289.96,304.65
2021-07-27 09:59:12,462.33,289.86,304.65
2021-07-27 09:59:13,462.88,289.96,304.65
2021-07-27 09:59:14,463.76,289.96,304.65
2021-07-27 09:59:15,463.39,289.74,304.65
2021-07-27 09:59:16,463.89,289.76,304.65
2021-07-27 09:59:17,464.27,289.93,304.65
2021-07-27 09:59:18,463.99,289.93,304.65
2021-07-27 09:59:19,465.36,289.69,304.65
2021-07-27 09:59:20,465.68,289.7,304.65
2021-07-27 09:59:21,465.65,289.62,304.65
2021-07-27 09:59:22,466.16,289.62,304.65
2021-07-27 09:59:23,465.69,289.65,304.65
2021-07-27 09:59:24,466.05,289.67,304.65
2021-07-27 09:59:25,466.59,289.67,304.65
2021-07-27 09:59:26,467.5,289.73,304.65
2021-07-27 09:59:27,467.86,289.56,304.65
2021-07-27 09:59:28,468.05,289.55,304.65
2021-07-27 09:59:29,468.27,289.55,304.65
2021-07-27 09:59:30,468.89,289.68,304.65
2021-07-27 09:59:31,469.93,289.91,304.65
2021-07-27 09:59:32,469.4,289.91,304.65
2021-07-27 09:59:33,469.47,289.74,304.65
2021-07-27 09:59:34,470.24,289.69,304.65
2021-07-27 09:59:35,471.47,288.33,304.65
2021-07-27 09:59:36,471.42,288.33,304.65
2021-07-27 10:00:54,474.87,0.41,305.03
2021-07-27 10:00:55,465.49,0.41,305.03
2021-07-27 10:00:56,467.6,0.41,305.03
2021-07-27 10:00:57,472.17,0.45,305.03
2021-07-27 10:00:58,455.26,0.45,305.03
2021-07-27 10:00:59,449.19,0.45,305.03
2021-07-27 10:01:00,446.02,0.4,305.03
2021-07-27 10:01:01,440.07,0.44,305.03
2021-07-27 10:01:02,441.01,0.41,305.03
2021-07-27 10:01:03,434.91,0.41,305.03
2021-07-27 10:01:04,429.58,0.5,305.03
2021-07-27 10:01:05,428.1,0.43,305.03
2021-07-27 10:01:06,426.68,0.43,305.03
2021-07-27 10:01:07,422.15,0.45,305.03
2021-07-27 10:01:08,420.75,0.4,305.03
2021-07-27 10:01:09,419.81,0.52,305.03
2021-07-27 10:01:10,418.38,0.52,305.03
2021-07-27 10:01:11,415.25,0.43,305.03
2021-07-27 10:01:12,413.99,0.46,305.03
2021-07-27 10:01:13,413.42,0.49,305.03
2021-07-27 10:01:14,412.05,0.49,305.03
2021-07-27 10:01:15,410.68,0.49,305.03
2021-07-27 10:01:16,411.2,0.42,305.03
2021-07-27 10:01:17,411.32,0.42,305.03
2021-07-27 10:01:18,410.78,0.49,305.03
2021-07-27 10:01:19,410.25,0.48,305.03
2021-07-27 10:01:20,410.45,0.44,305.03
2021-07-27 10:01:21,410.92,0.44,305.03
2021-07-27 10:01:22,410.69,0.43,305.03
2021-07-27 10:01:23,411.03,0.47,305.03
2021-07-27 10:01:24,412.19,0.47,305.03
2021-07-27 10:01:25,412.33,0.48,305.03
2021-07-27 10:01:26,412.43,0.49,305.03
2021-07-27 10:01:27,412.7,0.48,305.03
2021-07-27 10:01:28,413.13,0.48,305.03
2021-07-27 10:01:29,413.75,0.5,305.03
2021-07-27 10:01:30,414.36,0.4,305.03
2021-07-27 10:01:31,414.78,0.39,305.03
2021-07-27 10:01:32,415.84,0.39,305.03
2021-07-27 10:01:33,416.11,0.46,305.03
2021-07-27 10:01:34,415.92,0.41,304.9
2021-07-27 10:01:35,417.05,0.41,304.9
2021-07-27 10:01:36,417.27,0.51,304.9
2021-07-27 10:01:37,417.86,0.39,304.9
2021-07-27 10:01:38,418.4,0.36,304.9
2021-07-27 10:01:39,418.49,0.36,304.9
2021-07-27 10:01:40,419.63,0.53,304.9
2021-07-27 10:01:41,419.55,0.37,304.9
2021-07-27 10:01:42,420.2,0.45,304.9
2021-07-27 10:01:43,420.61,0.45,304.9
2021-07-27 10:01:44,422.39,0.47,304.9
2021-07-27 10:01:45,422.25,0.43,304.9
2021-07-27 10:01:46,422.89,0.43,304.9
2021-07-27 10:01:47,423.36,0.48,304.9
2021-07-27 10:01:48,423.46,0.46,304.9
2021-07-27 10:01:49,425.15,0.46,304.9
2021-07-27 10:01:50,425.47,0.46,304.9
2021-07-27 10:01:51,425.55,0.48,304.9
2021-07-27 10:01:52,426.09,0.37,304.9
2021-07-27 10:01:53,426.39,0.37,304.9
2021-07-27 10:01:54,427.36,0.43,304.9
2021-07-27 10:01:55,427.96,0.43,304.9
2021-07-27 10:01:56,428.46,0.48,304.9
2021-07-27 10:01:57,428.68,0.48,304.9
2021-07-27 10:01:58,429.45,0.47,304.9
2021-07-27 10:01:59,429.98,0.41,304.78
2021-07-27 10:02:00,431.5,0.41,304.78
2021-07-27 10:02:01,431.1,0.49,304.78
2021-07-27 10:02:02,432.55,0.46,304.78
2021-07-27 10:02:03,432.79,0.32,304.78
2021-07-27 10:02:04,432.84,0.32,304.78
2021-07-27 10:02:05,433.41,0.37,304.78
2021-07-27 10:02:06,434.64,0.46,304.78
2021-07-27 10:02:07,434.86,0.48,304.78
2021-07-27 10:02:08,435.2,0.48,304.78
2021-07-27 10:02:09,435.59,0.43,304.78
2021-07-27 10:02:10,436.2,0.46,304.78
2021-07-27 10:02:11,437.16,0.46,304.78
2021-07-27 10:02:12,438.67,0.5,304.78
2021-07-27 10:02:13,438.92,0.5,304.78
2021-07-27 10:02:14,439.38,0.47,304.78
2021-07-27 10:02:15,439.86,0.47,304.78
2021-07-27 10:02:16,439.58,0.45,304.78
2021-07-27 10:02:17,440.78,0.49,304.78
2021-07-27 10:02:18,441.36,0.44,304.78
2021-07-27 10:02:19,442.26,0.44,304.78
2021-07-27 10:02:20,441.78,0.48,304.78
2021-07-27 10:02:21,441.9,0.45,304.78
2021-07-27 10:02:22,443.61,0.45,304.78
2021-07-27 10:02:23,443.66,0.46,304.78
2021-07-27 10:02:24,445.14,0.45,304.78
2021-07-27 10:02:25,445.31,0.4,304.78
2021-07-27 10:02:26,445.74,0.4,304.78
2021-07-27 10:02:27,446.54,0.42,304.78
2021-07-27 10:02:28,447.2,0.46,304.78
2021-07-27 10:02:29,448.14,0.46,304.65
2021-07-27 10:02:30,447.92,0.55,304.65
2021-07-27 10:02:31,448.63,0.4,304.65
2021-07-27 10:02:32,449.0,0.43,304.65
2021-07-27 10:02:33,449.19,0.43,304.65
2021-07-27 10:02:34,449.85,0.41,304.65
2021-07-27 10:02:35,450.87,0.4,304.65
2021-07-27 10:02:36,451.76,0.4,304.65
2021-07-27 10:02:37,452.73,0.43,304.65
2021-07-27 10:02:38,453.71,0.49,304.65
2021-07-27 10:02:39,453.99,0.5,304.65
2021-07-27 10:02:40,454.21,0.5,304.65
2021-07-27 10:02:41,454.88,0.5,304.65
2021-07-27 10:02:42,455.12,0.42,304.65
2021-07-27 10:02:43,455.77,0.42,304.65
2021-07-27 10:02:44,456.07,0.46,304.65
2021-07-27 10:02:45,457.3,0.48,304.65
2021-07-27 10:02:46,457.07,0.5,304.65
2021-07-27 10:02:47,458.14,0.5,304.65
2021-07-27 10:02:48,458.99,0.45,304.65
2021-07-27 10:02:49,458.69,0.37,304.65
2021-07-27 10:02:50,458.65,0.37,304.65
2021-07-27 10:02:51,459.75,0.46,304.65
2021-07-27 10:02:52,460.89,0.47,304.65
2021-07-27 10:02:53,462.03,0.4,304.65
2021-07-27 10:02:54,462.93,0.4,304.65
2021-07-27 10:02:55,461.84,0.4,304.65
2021-07-27 10:02:56,462.83,0.41,304.65
2021-07-27 10:02:57,463.79,0.43,304.65
2021-07-27 10:02:58,464.07,0.43,304.65
2021-07-27 10:02:59,464.12,0.4,304.65
2021-07-27 10:03:00,465.15,0.47,304.65
2021-07-27 10:03:01,466.46,0.47,304.65
2021-07-27 10:03:02,466.93,0.41,304.65
2021-07-27 10:03:03,467.76,0.43,304.65
2021-07-27 10:03:04,468.36,0.44,304.65
2021-07-27 10:03:05,468.51,0.44,304.53
2021-07-27 10:03:06,468.5,0.46,304.53
2021-07-27 10:03:07,469.52,0.51,304.53
2021-07-27 10:03:08,470.3,0.45,304.53
2021-07-27 10:03:09,471.31,0.45,304.53
2021-07-27 10:03:10,472.11,0.38,304.53
2021-07-27 10:03:11,471.89,0.46,304.53
2021-07-27 10:03:12,472.75,0.46,304.53
2021-07-27 10:03:13,473.07,0.42,304.53
2021-07-27 10:03:14,474.64,0.48,304.53
2021-07-27 10:03:15,475.49,0.4,304.53
2021-07-27 10:03:16,475.39,0.4,304.53
2021-07-27 10:03:17,477.5,0.39,304.53
2021-07-27 10:03:18,477.13,0.44,304.53
2021-07-27 10:03:19,477.2,0.44,304.53
2021-07-27 10:03:20,477.15,0.46,304.53
2021-07-27 10:03:21,477.55,0.51,304.53
2021-07-27 10:03:22,478.65,0.39,304.53
2021-07-27 10:03:23,479.27,0.39,304.53
2021-07-27 10:03:24,479.47,0.48,304.53
2021-07-27 10:03:25,480.4,0.4,304.53
2021-07-27 10:03:26,481.66,0.55,304.53
2021-07-27 10:03:27,481.36,0.55,304.53
2021-07-27 10:03:28,482.76,0.48,304.53
2021-07-27 10:03:29,482.56,0.46,304.53
2021-07-27 10:03:30,483.0,0.46,304.53
